date,region,product,unit_price,units_sold,revenue
2023-06-18,South,Product D,20.89,27,564.13
2023-04-29,South,Product C,30.41,41,1247.01
2023-08-17,East,Product A,24.75,29,717.62
2024-03-21,North,Product E,53.95,25,1348.68
2024-03-11,North,Product E,52.01,38,1976.23
2024-03-26,East,Product E,49.07,41,2011.91
2023-08-27,East,Product A,29.5,14,412.97
2024-07-07,North,Product C,85.02,2,170.05
2024-01-03,West,Product E,41.76,29,1210.95
2024-12-07,East,Product B,15.79,45,710.36
2023-01-10,South,Product E,39.16,41,1605.51
2024-05-23,East,Product D,26.07,14,364.92
2023-11-01,West,Product A,33.82,37,1251.52
2024-09-15,South,Product D,22.8,40,911.89
2023-06-09,South,Product A,21.81,31,675.98
2024-07-14,North,Product C,41.6,42,1747.41
2023-10-04,West,Product C,41.84,9,376.52
2023-02-28,South,Product C,24.44,24,586.5
2023-03-10,West,Product D,10.83,45,487.47
2024-03-31,East,Product E,58.61,24,1406.53
2024-03-29,West,Product B,14.64,33,483.18
2024-08-29,West,Product A,27.28,10,272.77
2024-11-02,North,Product D,23.9,43,1027.72
2023-08-06,South,Product D,19.35,2,38.69
2024-03-13,West,Product D,22.52,28,630.46
2023-12-10,West,Product D,21.84,22,480.43
2023-12-11,North,Product B,14.03,9,126.27
2023-07-30,East,Product E,46.59,18,838.7
2024-02-08,West,Product B,14.39,16,230.28
2023-09-04,South,Product A,28.16,17,478.78
2024-10-06,West,Product E,37.2,19,706.85
2023-12-26,West,Product A,29.12,17,494.97
2024-02-14,South,Product E,38.34,42,1610.2
2023-09-07,West,Product A,26.4,41,1082.23
2023-09-12,South,Product A,24.64,38,936.18
2024-01-25,West,Product E,44.89,24,1077.33
2024-10-02,South,Product C,35.2,6,211.21
2023-08-25,North,Product C,31.41,49,1539.18
2023-09-13,West,Product A,24.14,19,458.59
2023-01-17,North,Product C,28.9,32,924.96
2023-03-14,East,Product C,31.76,50,1588.15
2024-03-19,North,Product A,25.43,7,177.99
2023-03-27,West,Product B,16.36,27,441.64
2023-07-24,West,Product B,16.81,30,504.16
2024-01-11,East,Product B,13.98,10,139.76
2024-05-03,West,Product C,34.04,49,1668.06
2024-07-21,West,Product C,34.04,13,442.55
2024-05-01,North,Product D,17.37,43,747.04
2023-10-07,West,Product B,14.04,39,547.44
2023-08-11,West,Product A,29.05,19,551.88
2024-03-13,North,Product B,31.21,8,249.65
2023-12-01,North,Product A,30.02,25,750.44
2024-08-21,South,Product D,19.41,40,776.24
2024-07-30,North,Product A,28.96,30,868.95
2023-12-04,North,Product C,37.0,20,739.97
2024-07-18,East,Product D,19.62,1,19.62
2023-08-10,North,Product C,38.89,49,1905.78
2024-06-28,West,Product E,49.18,22,1082.06
2024-05-09,East,Product E,59.13,10,591.25
2024-02-18,West,Product C,26.88,1,26.88
2024-12-19,East,Product E,46.82,19,889.57
2024-08-03,South,Product D,17.71,2,35.42
2024-11-26,South,Product D,19.01,45,855.56
2024-10-28,East,Product D,21.41,25,535.15
2024-08-18,North,Product C,30.78,31,954.23
2023-11-07,North,Product B,20.16,11,221.76
2023-09-28,East,Product C,35.23,48,1691.18
2024-10-28,East,Product E,48.7,22,1071.49
2024-06-12,West,Product E,41.31,48,1982.75
2023-08-25,West,Product D,19.58,18,352.39
2023-02-20,East,Product D,19.89,39,775.63
2023-11-06,West,Product B,20.59,23,473.47
2023-11-22,North,Product E,58.24,6,349.43
2024-01-18,North,Product E,40.6,28,1136.9
2023-09-10,West,Product D,18.82,29,545.91
2024-08-16,North,Product B,17.3,35,605.55
2023-10-05,South,Product E,38.47,38,1461.82
2024-09-21,North,Product E,43.02,43,1849.7
2023-02-23,South,Product E,31.76,13,412.82
2023-12-22,East,Product C,43.85,22,964.64
2024-01-20,East,Product A,24.53,15,367.89
2024-12-20,North,Product E,44.22,28,1238.23
2023-02-23,West,Product E,36.61,17,622.29
2023-11-29,North,Product E,42.95,45,1932.57
2023-06-21,South,Product C,30.88,9,277.95
2024-12-29,South,Product A,29.65,1,29.65
2023-05-11,South,Product D,15.71,7,109.96
2023-09-17,West,Product C,35.85,17,609.39
2023-08-05,North,Product A,29.43,28,824.15
2024-12-14,North,Product A,26.9,21,564.89
2024-03-30,South,Product B,43.88,3,131.63
2023-11-30,West,Product D,19.73,7,138.13
2023-03-19,East,Product C,45.52,5,227.61
2023-11-06,South,Product E,52.42,46,2411.15
2024-01-26,South,Product B,14.57,2,29.15
2023-12-22,North,Product E,47.06,35,1647.24
2023-08-06,South,Product D,17.13,22,376.91
2024-06-09,East,Product B,15.13,33,499.4
2024-03-29,North,Product B,15.32,50,766.04
2024-07-29,South,Product B,15.74,36,566.67
2023-08-22,South,Product B,16.11,16,257.77
2023-11-01,East,Product E,52.83,40,2113.31
2023-10-20,East,Product A,30.72,41,1259.66
2023-02-05,North,Product D,16.9,18,304.27
2023-07-25,West,Product C,17.15,19,325.8
2023-07-17,South,Product B,13.75,33,453.81
2024-09-11,West,Product D,16.37,30,491.08
2023-09-02,North,Product D,20.77,22,457.0
2023-07-07,North,Product C,36.84,36,1326.33
2024-02-03,North,Product A,26.78,8,214.22
2023-10-27,East,Product C,41.1,1,41.1
2024-12-31,East,Product D,24.19,20,483.71
2024-12-22,South,Product B,13.47,35,471.54
2023-06-03,East,Product B,16.7,23,384.03
2024-04-16,South,Product B,12.91,49,632.64
2023-04-02,West,Product B,16.67,39,650.27
2023-08-28,South,Product D,17.81,17,302.72
2023-09-06,North,Product B,17.17,45,772.82
2024-07-17,West,Product A,26.93,1,26.93
2024-03-08,West,Product B,15.21,47,714.9
2023-05-08,North,Product E,37.46,15,561.86
2023-09-08,West,Product B,37.1,48,1781.03
2024-01-10,South,Product A,23.87,37,883.14
2024-02-14,South,Product C,26.21,1,26.21
2023-11-24,South,Product C,42.0,25,1049.94
2023-05-05,East,Product B,14.51,10,145.06
2023-07-08,West,Product B,15.63,20,312.54
2023-09-25,South,Product C,28.8,12,345.58
2024-08-18,South,Product A,20.13,5,100.64
2023-04-24,West,Product B,15.55,49,761.75
2024-08-02,East,Product B,17.52,37,648.23
2024-06-22,East,Product B,14.32,38,544.1
2023-10-24,East,Product C,31.65,13,411.47
2024-09-08,South,Product E,48.85,21,1025.81
2024-06-09,South,Product E,100.58,15,1508.73
2024-09-01,West,Product D,16.81,21,353.1
2023-08-15,North,Product C,28.66,23,659.11
2024-03-30,East,Product D,22.29,30,668.59
2023-05-28,South,Product D,21.13,23,486.01
2023-10-08,North,Product D,19.27,49,944.26
2023-09-01,West,Product B,12.1,1,12.1
2024-08-20,East,Product A,23.67,32,757.47
2024-05-18,West,Product E,52.98,22,1165.64
2023-08-16,East,Product A,22.29,17,378.93
2024-06-11,South,Product C,39.24,5,196.19
2023-12-18,North,Product A,25.77,39,1004.97
2024-03-15,West,Product C,92.37,38,3510.22
2023-12-12,North,Product B,15.21,42,639.0
2024-08-20,West,Product A,21.06,13,273.74
2024-02-06,North,Product D,14.45,26,375.81
2023-05-19,South,Product C,34.56,22,760.28
2024-03-08,West,Product D,23.44,28,656.21
2024-08-25,East,Product A,22.03,17,374.48
2023-10-10,West,Product A,26.24,36,944.47
2024-07-08,North,Product C,40.88,21,858.53
2024-06-24,South,Product E,14.39,28,403.0
2024-07-05,North,Product D,17.17,46,789.95
2023-10-07,South,Product A,23.01,20,460.14
2024-09-01,South,Product D,17.33,15,260.01
2023-09-30,East,Product E,48.18,34,1637.99
2023-11-26,South,Product A,75.67,18,1362.02
2024-05-23,East,Product D,18.42,2,36.84
2023-08-16,South,Product C,27.49,18,494.84
2024-08-24,South,Product D,21.4,7,149.78
2023-09-21,South,Product C,11.96,47,562.15
2024-10-24,East,Product B,17.96,8,143.68
2023-11-24,North,Product A,33.75,16,539.94
2024-01-11,North,Product B,10.83,23,249.1
2024-07-04,South,Product A,19.37,47,910.45
2023-06-10,South,Product D,17.81,5,89.04
2024-04-17,East,Product D,20.58,41,843.96
2024-04-16,North,Product B,12.62,3,37.85
2024-01-28,South,Product D,18.05,50,902.44
2024-07-20,West,Product D,20.19,20,403.72
2024-06-22,South,Product B,15.82,45,712.12
2024-04-13,North,Product D,17.42,21,365.78
2023-03-08,North,Product D,23.17,45,1042.86
2024-12-16,North,Product D,21.69,7,151.86
2024-05-11,South,Product B,12.75,12,153.03
2024-05-27,West,Product C,32.33,31,1002.33
2024-09-28,North,Product C,39.12,50,1956.24
2023-08-11,West,Product E,52.0,11,571.98
2024-08-06,South,Product D,21.88,6,131.27
2023-04-23,East,Product E,54.96,19,1044.33
2024-09-16,North,Product C,40.17,33,1325.55
2023-06-18,East,Product C,43.52,1,43.52
2024-08-23,South,Product A,25.67,27,693.1
2024-04-18,North,Product E,42.82,41,1755.44
2024-04-30,North,Product C,33.8,29,980.31
2023-03-10,West,Product D,17.2,32,550.36
2024-05-11,South,Product A,19.66,13,255.62
2024-01-21,West,Product E,44.88,22,987.31
2023-05-08,North,Product D,23.9,43,1027.63
2023-02-22,North,Product E,39.45,33,1301.76
2024-06-25,East,Product C,38.66,46,1778.54
2024-12-16,West,Product B,19.89,47,934.68
2024-12-15,West,Product B,17.66,38,671.13
2023-03-27,West,Product B,13.6,7,95.22
2024-10-10,North,Product C,37.42,19,711.06
2023-03-06,South,Product E,50.79,18,914.28
2024-02-11,North,Product A,25.55,33,843.05
2023-05-20,West,Product B,12.2,28,341.53
2024-04-07,West,Product D,17.52,14,245.22
2024-08-27,South,Product A,11.62,17,197.57
2024-10-29,North,Product D,23.43,45,1054.5
2024-08-30,North,Product A,24.79,3,74.36
2023-06-20,East,Product E,49.57,20,991.42
2023-03-30,South,Product E,44.39,37,1642.34
2023-10-26,West,Product E,40.09,31,1242.86
2024-01-28,West,Product A,24.42,20,488.49
2023-03-04,South,Product C,28.43,45,1279.22
2024-03-15,South,Product A,26.77,1,26.77
2024-12-14,West,Product D,26.47,48,1270.48
2023-08-27,East,Product E,43.43,27,1172.55
2024-09-10,West,Product A,77.06,44,3390.83
2024-08-02,West,Product B,14.27,44,627.78
2023-02-17,South,Product C,35.22,11,387.37
2024-09-20,West,Product B,15.06,33,497.14
2024-02-26,West,Product E,39.55,48,1898.58
2023-06-07,West,Product B,15.27,27,412.32
2023-05-20,North,Product B,15.04,34,511.4
2024-05-30,West,Product E,15.48,31,479.75
2024-05-24,West,Product D,19.67,36,707.95
2024-01-01,West,Product D,16.02,50,801.16
2023-06-30,South,Product E,47.83,2,95.67
2024-09-30,South,Product E,34.55,24,829.28
2023-05-24,North,Product B,16.99,49,832.28
2024-03-15,West,Product D,19.46,27,525.39
2024-10-12,South,Product A,27.63,35,967.03
2024-02-03,West,Product A,20.89,44,919.13
2023-05-04,West,Product B,14.73,37,544.9
2024-02-23,West,Product C,28.36,35,992.6
2024-02-22,North,Product B,13.48,18,242.58
2024-10-11,North,Product E,46.35,31,1436.85
2023-02-28,North,Product C,33.94,17,576.9
2024-11-21,West,Product C,34.48,15,517.14
2023-05-06,North,Product A,25.35,25,633.85
2023-02-12,South,Product B,14.94,32,478.05
2023-06-18,North,Product A,29.77,45,1339.57
2024-08-13,West,Product E,41.32,15,619.82
2024-01-07,East,Product D,23.34,26,606.96
2023-11-01,South,Product B,16.08,7,112.59
2024-04-25,South,Product D,15.74,3,47.23
2024-02-20,South,Product B,13.72,25,342.94
2024-05-17,North,Product A,28.49,23,655.32
2023-03-13,East,Product E,43.8,16,700.77
2024-06-01,West,Product B,14.46,45,650.71
2024-07-25,South,Product C,30.78,4,123.12
2023-12-31,West,Product B,16.04,39,625.46
2023-05-16,North,Product E,53.66,37,1985.51
2024-08-19,North,Product B,17.08,30,512.37
2023-08-21,West,Product E,47.94,2,95.88
2024-08-28,North,Product C,39.82,26,1035.33
2024-01-11,East,Product A,19.87,30,596.12
2024-04-05,East,Product B,16.03,32,513.03
2024-12-28,North,Product D,16.29,14,228.13
2023-01-01,South,Product C,24.13,48,1158.07
2024-10-04,North,Product A,27.5,25,687.38
2024-06-07,West,Product B,17.39,20,347.86
2023-05-31,West,Product E,51.78,20,1035.56
2024-02-24,East,Product A,26.48,17,450.23
2023-04-16,North,Product A,28.93,25,723.21
2024-10-23,West,Product B,16.98,12,203.72
2024-09-23,West,Product D,16.62,28,465.47
2024-12-15,North,Product C,47.4,27,1279.68
2023-02-14,South,Product C,17.82,22,392.01
2023-08-21,South,Product D,17.26,11,189.84
2023-06-25,West,Product D,17.32,30,519.53
2024-12-11,West,Product A,32.26,18,580.75
2024-06-09,West,Product A,25.06,44,1102.74
2024-04-16,West,Product C,37.29,7,261.03
2024-01-08,West,Product A,8.27,21,173.76
2024-07-04,South,Product D,22.21,19,421.99
2023-10-17,North,Product C,29.65,7,207.58
2023-03-04,West,Product C,34.23,35,1198.06
2024-03-31,East,Product B,14.39,12,172.67
2023-02-15,West,Product E,32.61,22,717.34
2024-03-02,East,Product D,23.65,27,638.61
2024-05-09,West,Product B,14.19,31,439.84
2023-08-08,West,Product B,17.99,24,431.64
2023-04-29,West,Product E,41.31,45,1858.87
2023-06-05,West,Product D,24.0,25,599.9
2023-01-04,East,Product A,24.66,10,246.56
2023-05-15,South,Product A,22.03,10,220.34
2023-11-14,East,Product E,29.67,27,800.97
2023-04-27,West,Product C,28.33,30,849.8
2023-05-16,West,Product A,23.15,45,1041.58
2024-01-31,South,Product C,24.73,25,618.36
2023-08-09,South,Product D,20.47,27,552.62
2023-02-17,South,Product B,12.72,45,572.47
2023-05-24,South,Product A,28.19,23,648.33
2024-11-08,South,Product E,48.98,44,2155.1
2024-07-18,East,Product C,31.53,18,567.52
2024-05-22,North,Product E,50.93,2,101.85
2024-07-03,North,Product C,34.36,17,584.14
2023-08-26,West,Product A,24.16,22,531.42
2023-07-14,East,Product C,43.19,49,2116.49
2023-10-05,South,Product E,49.99,25,1249.78
2024-06-17,South,Product B,13.81,42,579.86
2024-09-07,South,Product E,35.79,48,1717.86
2023-03-27,East,Product D,19.28,42,809.92
2023-08-17,West,Product B,16.27,27,439.4
2024-10-05,South,Product B,43.87,10,438.73
2023-03-22,South,Product B,12.41,28,347.53
2024-02-07,North,Product D,17.61,43,757.18
2024-12-07,North,Product C,42.32,15,634.85
2024-10-24,West,Product B,13.37,24,320.85
2023-07-06,North,Product A,29.39,7,205.74
2023-07-06,West,Product E,47.95,49,2349.56
2023-07-14,West,Product E,45.16,50,2257.88
2024-02-16,West,Product A,26.51,48,1272.31
2023-12-10,West,Product E,54.39,43,2338.96
2024-12-09,East,Product B,20.33,16,325.25
2024-01-27,East,Product C,31.01,2,62.02
2024-04-08,East,Product C,40.89,17,695.07
2024-09-07,South,Product D,21.22,42,891.17
2023-03-13,East,Product A,25.01,3,75.02
2023-06-01,East,Product A,53.5,11,588.54
2023-11-26,East,Product E,66.02,37,2442.68
2023-10-11,North,Product B,35.4,46,1628.57
2023-03-10,South,Product E,41.19,13,535.42
2023-06-11,South,Product E,40.79,43,1753.83
2024-07-16,South,Product C,33.04,8,264.32
2023-08-16,South,Product D,18.89,39,736.77
2023-05-05,East,Product C,43.17,3,129.51
2023-12-13,East,Product D,26.38,21,553.96
2023-08-24,North,Product B,14.17,2,28.34
2024-10-02,East,Product A,31.48,28,881.38
2024-02-18,West,Product D,19.96,45,898.03
2024-01-03,West,Product C,26.2,12,314.41
2023-11-22,West,Product D,25.04,49,1227.16
2023-12-02,South,Product D,10.99,29,318.67
2023-04-08,North,Product E,40.88,17,695.02
2023-05-03,West,Product C,37.28,46,1715.0
2024-09-06,East,Product B,17.63,34,599.35
2024-03-22,East,Product E,39.86,7,279.04
2024-09-11,South,Product D,17.61,34,598.75
2023-04-07,East,Product D,24.08,21,505.61
2023-01-23,South,Product B,10.39,34,353.29
2024-10-11,South,Product B,16.62,28,465.25
2023-04-10,East,Product A,23.68,27,639.27
2023-02-06,West,Product C,36.81,39,1435.77
2023-04-24,East,Product D,21.39,7,149.72
2024-03-01,South,Product C,28.24,24,677.76
2024-08-14,South,Product B,15.44,35,540.32
2023-03-12,North,Product D,20.97,26,545.22
2024-12-07,North,Product B,15.07,37,557.65
2024-10-05,East,Product D,25.11,13,326.48
2023-12-31,North,Product E,50.08,26,1302.21
2023-10-22,North,Product E,51.99,29,1507.7
2023-08-23,East,Product D,18.86,6,113.17
2024-02-07,North,Product A,18.6,22,409.09
2023-11-15,North,Product B,39.93,48,1916.75
2023-04-21,East,Product B,17.97,48,862.66
2023-07-01,East,Product D,24.49,10,244.93
2023-01-09,West,Product D,17.84,42,749.12
2024-07-18,South,Product A,23.91,17,406.54
2023-02-08,East,Product E,36.08,30,1082.25
2024-03-08,North,Product A,27.66,13,359.55
2023-09-05,East,Product D,17.81,8,142.44
2024-07-02,West,Product D,19.81,19,376.42
2024-11-28,North,Product B,20.5,9,184.47
2023-01-17,East,Product A,20.71,9,186.43
2023-08-02,South,Product A,20.71,9,186.4
2023-12-23,West,Product C,44.18,12,530.12
2023-07-12,North,Product A,65.62,3,196.86
2023-07-16,North,Product C,31.83,46,1464.06
2024-01-16,West,Product B,12.2,9,109.79
2023-01-07,West,Product D,16.61,16,265.82
2023-01-20,West,Product A,22.9,14,320.57
2024-05-09,South,Product A,26.01,34,884.46
2024-08-03,East,Product D,19.78,2,39.55
2024-05-17,West,Product D,16.13,31,500.15
2023-02-01,North,Product D,19.48,38,740.05
2023-09-29,East,Product B,14.98,10,149.83
2023-10-14,West,Product B,13.51,15,202.65
2023-04-23,South,Product D,21.89,32,700.6
2024-03-08,North,Product A,24.8,1,24.8
2024-07-03,West,Product E,53.57,12,642.88
2024-09-06,West,Product B,13.88,39,541.45
2024-12-07,East,Product A,32.85,36,1182.65
2023-03-31,South,Product D,8.49,49,415.93
2024-05-31,South,Product B,15.67,22,344.77
2024-09-25,North,Product E,37.26,27,1006.15
2024-01-01,West,Product E,128.01,11,1408.08
2024-07-11,East,Product E,47.82,39,1865.13
2023-03-10,South,Product E,44.46,24,1066.99
2023-07-23,East,Product C,41.49,5,207.43
2023-11-07,South,Product C,36.48,50,1824.16
2023-02-21,East,Product D,16.41,43,705.82
2024-12-01,North,Product C,34.62,39,1350.31
2023-11-02,North,Product C,42.19,13,548.51
2024-05-21,West,Product E,40.34,41,1654.04
2024-10-24,South,Product B,12.31,31,381.65
2024-05-04,North,Product B,14.66,40,586.56
2024-03-21,East,Product A,31.09,21,652.85
2023-05-20,East,Product A,32.28,10,322.78
2023-02-06,East,Product C,30.24,15,453.6
2023-03-30,South,Product A,27.22,34,925.36
2024-06-27,West,Product D,21.12,3,63.35
2023-03-03,West,Product B,15.8,10,157.97
2023-09-06,West,Product A,28.1,45,1264.66
2023-10-07,South,Product E,40.66,21,853.81
2024-03-10,East,Product D,22.47,41,921.25
2024-10-03,West,Product B,16.33,14,228.68
2024-06-17,West,Product A,20.07,38,762.84
2024-04-07,East,Product A,27.59,46,1268.95
2024-05-15,North,Product D,18.38,18,330.86
2023-12-02,West,Product D,18.77,38,713.16
2024-11-11,North,Product D,19.55,18,351.95
2024-01-14,South,Product B,13.94,49,682.88
2023-06-01,West,Product D,16.61,27,448.55
2024-04-21,West,Product D,18.18,42,763.44
2023-11-08,East,Product A,29.46,40,1178.23
2024-02-09,North,Product C,31.0,15,464.94
2023-11-11,West,Product A,25.14,46,1156.31
2024-03-22,North,Product B,7.23,25,180.64
2024-12-16,North,Product A,30.92,14,432.93
2023-08-13,West,Product B,12.87,15,192.98
2023-04-02,South,Product B,13.72,23,315.56
2023-08-15,North,Product E,39.94,14,559.22
2024-08-28,North,Product D,16.58,26,431.02
2024-04-24,North,Product B,13.63,31,422.55
2023-12-10,West,Product B,16.99,27,458.79
2023-06-10,South,Product E,44.16,48,2119.45
2023-11-04,West,Product E,53.24,17,905.06
2024-08-14,West,Product A,25.44,23,585.11
2024-02-05,West,Product D,17.08,4,68.32
2024-06-10,North,Product E,47.98,41,1967.16
2024-09-26,South,Product C,104.07,28,2913.95
2024-12-22,North,Product D,24.85,19,472.09
2023-10-16,North,Product E,37.22,37,1377.02
2023-06-21,East,Product E,57.18,27,1543.79
2024-07-28,South,Product A,27.27,39,1063.48
2024-08-22,North,Product C,41.35,14,578.92
2024-07-18,West,Product B,17.32,50,866.13
2024-08-26,West,Product C,35.52,47,1669.6
2024-05-03,East,Product A,29.58,34,1005.63
2023-02-26,South,Product B,10.6,34,360.25
2024-09-09,East,Product B,18.15,32,580.86
2023-06-18,East,Product E,51.56,40,2062.33
2023-04-08,West,Product B,12.61,30,378.34
2023-05-24,West,Product E,49.28,43,2119.16
2023-08-05,East,Product A,22.03,2,44.06
2024-05-17,South,Product D,20.54,50,1027.08
2023-05-25,East,Product C,45.54,16,728.7
2023-05-26,West,Product E,44.0,14,615.93
2023-01-03,West,Product C,31.74,15,476.04
2024-05-24,West,Product B,13.51,18,243.14
2023-11-12,South,Product C,38.96,41,1597.21
2023-09-05,South,Product E,49.08,43,2110.39
2024-08-01,South,Product E,36.74,4,146.96
2023-10-20,South,Product B,13.55,43,582.79
2024-08-18,South,Product D,19.28,32,616.87
2023-03-15,West,Product B,17.92,17,304.56
2024-11-09,West,Product C,33.41,15,501.08
2024-12-17,South,Product B,17.22,43,740.54
2023-07-27,East,Product C,41.83,47,1965.83
2023-04-28,South,Product E,50.25,3,150.75
2023-02-20,South,Product D,16.4,9,147.58
2023-09-07,East,Product C,42.28,3,126.83
2023-03-22,East,Product B,6.38,43,274.47
2024-05-15,South,Product A,25.32,47,1190.1
2024-03-17,East,Product D,24.01,37,888.39
2023-06-29,East,Product D,21.93,28,613.9
2024-12-06,West,Product D,26.53,17,451.09
2023-08-12,North,Product B,14.08,8,112.65
2024-07-28,West,Product C,28.44,46,1308.17
2023-03-07,South,Product B,13.51,2,27.03
2024-08-22,North,Product C,41.49,43,1783.94
2024-04-19,West,Product D,19.24,43,827.43
2024-04-24,West,Product D,23.59,15,353.82
2024-08-03,South,Product E,42.95,47,2018.87
2024-03-11,South,Product E,40.59,32,1299.02
2023-07-30,East,Product C,42.28,34,1437.44
2023-02-23,East,Product C,33.87,23,778.98
2023-09-03,South,Product A,25.19,43,1083.08
2024-03-26,North,Product C,38.32,6,229.89
2024-08-06,South,Product E,39.64,23,911.8
2024-09-20,South,Product C,83.58,31,2591.06
2023-04-03,South,Product B,16.03,30,480.95
2023-06-23,South,Product B,15.1,29,437.8
2023-12-05,North,Product D,21.26,29,616.62
2023-05-26,South,Product D,17.71,34,602.12
2023-10-07,East,Product A,27.62,30,828.72
2023-10-01,East,Product D,24.66,38,936.99
2023-03-26,East,Product B,15.25,20,305.0
2023-07-03,East,Product B,16.01,8,128.05
2024-09-03,East,Product C,36.58,36,1316.91
2024-01-25,East,Product B,13.45,45,605.47
2024-08-02,North,Product E,41.46,9,373.17
2024-07-26,North,Product A,20.36,1,20.36
2024-06-24,South,Product A,23.28,12,279.34
2024-11-10,West,Product E,46.86,39,1827.61
2023-08-14,North,Product B,13.32,8,106.55
2024-10-04,East,Product B,13.3,37,491.95
2024-08-08,North,Product A,27.92,26,725.93
2023-07-31,South,Product E,49.93,25,1248.13
2024-07-12,South,Product E,37.44,12,449.23
2024-12-13,South,Product D,24.21,24,581.14
2023-08-13,North,Product B,7.69,15,115.28
2023-10-05,South,Product E,39.2,36,1411.35
2024-12-08,West,Product D,20.42,3,61.27
2023-08-31,West,Product E,47.25,20,945.03
2023-08-28,East,Product E,50.59,3,151.78
2024-01-18,North,Product E,33.91,27,915.58
2023-07-12,East,Product B,15.34,27,414.11
2024-10-05,North,Product E,38.46,2,76.92
2024-11-27,East,Product C,37.13,29,1076.86
2023-09-06,West,Product C,31.62,31,980.1
2023-04-14,South,Product B,13.48,24,323.45
2024-07-31,East,Product A,26.78,20,535.5
2023-12-15,East,Product B,15.96,37,590.51
2023-03-13,West,Product C,31.33,38,1190.66
2024-06-30,North,Product D,21.0,17,357.0
2023-12-16,East,Product E,67.58,47,3176.34
2023-05-15,North,Product B,17.92,48,860.16
2023-03-22,North,Product B,15.04,23,345.83
2024-04-18,South,Product C,34.3,28,960.45
2024-05-01,East,Product E,58.38,17,992.5
2023-10-03,West,Product E,36.5,43,1569.48
2023-06-20,West,Product C,31.35,27,846.58
2023-01-16,North,Product D,16.37,8,130.96
2024-05-25,East,Product C,36.25,14,507.47
2024-11-04,West,Product C,40.56,25,1014.07
2023-09-24,East,Product C,32.9,41,1348.93
2024-10-16,South,Product C,28.78,22,633.15
2023-02-10,North,Product D,17.13,39,667.88
2024-04-03,West,Product B,14.35,42,602.78
2023-02-10,West,Product E,34.84,8,278.73
2024-05-11,West,Product B,15.7,43,675.26
2023-05-14,East,Product C,30.84,15,462.63
2023-07-17,South,Product A,21.46,45,965.51
2023-08-23,North,Product D,16.33,18,293.96
2023-12-22,East,Product C,44.93,27,1213.16
2023-05-26,East,Product A,27.82,15,417.34
2024-12-12,South,Product B,5.4,18,97.15
2024-05-05,South,Product C,38.99,20,779.86
2024-10-27,East,Product C,35.25,43,1515.9
2024-04-21,South,Product D,21.03,6,126.17
2023-11-29,South,Product E,57.67,47,2710.27
2023-07-26,North,Product C,37.99,1,37.99
2024-02-29,North,Product C,77.2,14,1080.81
2023-07-01,East,Product E,57.27,35,2004.59
2024-04-17,West,Product B,15.41,8,123.25
2024-01-08,West,Product B,11.67,24,280.13
2024-09-07,West,Product C,31.73,36,1142.25
2024-07-23,East,Product A,32.72,33,1079.77
2023-01-12,West,Product E,40.89,35,1431.16
2023-12-20,South,Product B,16.07,30,482.07
2023-01-23,East,Product E,47.16,15,707.33
2023-04-13,East,Product D,19.8,45,890.97
2023-07-11,East,Product E,55.74,38,2118.12
2024-03-01,West,Product D,18.57,47,873.0
2023-02-19,West,Product C,29.15,48,1399.19
2023-04-16,North,Product B,17.28,24,414.63
2024-02-03,East,Product D,47.13,15,706.91
2023-04-04,South,Product E,50.42,45,2268.87
2024-09-28,North,Product B,13.73,48,658.86
2024-08-07,North,Product B,15.89,22,349.5
2024-02-23,North,Product A,21.97,34,747.12
2024-12-02,East,Product E,59.24,33,1955.06
2024-06-19,East,Product A,31.45,16,503.22
2023-09-20,North,Product E,50.82,40,2032.86
2024-12-31,West,Product A,30.71,43,1320.74
2023-03-06,North,Product A,21.85,43,939.62
2024-02-29,East,Product A,24.61,45,1107.49
2023-11-07,South,Product C,38.82,15,582.31
2023-01-20,South,Product B,14.8,10,148.05
2023-02-17,East,Product E,53.01,28,1484.24
2024-10-26,West,Product C,36.57,21,768.06
2024-04-26,East,Product A,28.71,14,402.0
2024-08-13,East,Product B,17.82,37,659.38
2024-03-15,South,Product C,38.97,32,1246.95
2024-03-04,North,Product B,12.34,33,407.06
2023-06-30,South,Product C,31.98,16,511.63
2024-05-14,West,Product B,17.67,45,794.99
2023-04-06,West,Product A,28.46,19,540.72
2024-07-29,East,Product E,43.15,23,992.45
2023-04-13,North,Product D,20.32,4,81.26
2024-02-11,North,Product A,24.82,46,1141.95
2024-10-23,West,Product A,25.75,38,978.59
2023-07-13,South,Product D,18.33,33,604.84
2024-07-31,West,Product C,38.49,23,885.36
2023-12-08,North,Product C,33.08,32,1058.47
2024-07-19,East,Product C,41.24,45,1855.58
2024-06-11,West,Product C,37.13,33,1225.14
2024-10-28,East,Product A,23.47,37,868.53
2024-02-25,West,Product E,32.89,14,460.47
2023-07-09,South,Product C,39.75,41,1629.61
2023-12-23,South,Product E,45.21,8,361.67
2024-01-04,West,Product C,29.53,19,561.12
2023-08-27,East,Product A,24.96,40,998.34
2024-10-23,East,Product A,24.84,46,1142.78
2024-04-30,North,Product D,18.76,22,412.71
2023-11-26,West,Product E,51.77,28,1449.51
2024-04-12,North,Product E,43.94,42,1845.35
2023-02-27,East,Product A,26.52,2,53.04
2023-03-21,West,Product E,47.96,48,2302.27
2023-08-14,East,Product A,24.79,12,297.43
2024-07-03,South,Product B,16.06,16,256.92
2023-05-27,West,Product A,29.88,43,1284.95
2024-04-26,West,Product A,29.39,32,940.62
2024-07-29,North,Product B,17.83,33,588.25
2023-01-28,North,Product A,18.22,15,273.24
2024-12-03,West,Product A,24.21,44,1065.14
2024-11-08,North,Product E,51.58,16,825.35
2023-11-22,East,Product C,52.15,34,1773.11
2023-02-07,South,Product E,39.53,42,1660.36
2024-10-08,North,Product B,16.6,15,249.0
2024-06-27,West,Product A,23.55,5,117.77
2023-04-11,South,Product D,19.95,39,778.22
2024-09-23,West,Product B,16.86,41,691.32
2023-01-14,South,Product D,14.32,40,572.87
2023-04-07,North,Product B,17.47,41,716.26
2023-07-07,South,Product A,28.36,42,1191.05
2023-11-19,West,Product E,53.63,35,1876.91
2023-04-28,South,Product D,22.14,44,974.13
2024-03-14,West,Product A,23.71,31,735.13
2023-09-07,North,Product A,23.48,40,939.24
2024-02-16,North,Product D,21.27,26,553.05
2024-12-21,North,Product C,45.03,15,675.45
2023-04-17,North,Product D,22.95,11,252.48
2023-02-15,East,Product B,11.98,44,526.94
2024-04-05,West,Product E,52.39,11,576.33
2023-11-21,South,Product E,49.06,17,834.01
2023-12-10,North,Product C,43.92,42,1844.56
2024-04-29,East,Product A,67.19,14,940.64
2024-07-26,South,Product C,39.84,39,1553.63
2024-01-27,East,Product A,21.82,26,567.42
2024-03-31,West,Product C,38.72,37,1432.51
2023-08-28,South,Product D,16.07,50,803.65
2023-11-29,West,Product B,17.2,25,430.12
2023-04-29,South,Product E,37.77,3,113.32
2023-04-29,West,Product E,38.48,49,1885.41
2023-07-09,West,Product B,6.52,16,104.32
2023-11-17,West,Product A,31.18,13,405.28
2024-06-01,North,Product E,47.56,25,1188.91
2024-12-30,East,Product C,11.71,32,374.6
2024-12-18,West,Product C,34.82,14,487.46
2024-02-01,East,Product B,13.18,45,592.91
2023-09-06,North,Product B,13.85,49,678.49
2024-05-17,East,Product B,18.67,13,242.69
2023-01-24,East,Product B,13.67,20,273.33
2023-06-29,North,Product E,39.3,19,746.69
2023-10-25,East,Product E,46.14,26,1199.57
2024-12-26,West,Product B,16.68,1,16.68
2023-04-29,West,Product D,20.6,10,205.98
2023-06-07,West,Product C,34.6,7,242.19
2023-01-02,West,Product B,15.29,4,61.18
2023-03-03,West,Product C,33.81,44,1487.61
2024-03-16,East,Product D,18.19,35,636.71
2024-08-11,West,Product B,13.91,25,347.63
2023-11-26,North,Product C,47.22,20,944.47
2024-03-20,North,Product D,23.41,11,257.52
2024-05-14,East,Product A,23.03,39,898.14
2023-04-02,South,Product B,6.99,46,321.42
2024-08-07,North,Product A,20.54,12,246.5
2024-07-02,East,Product A,31.91,43,1372.03
2023-07-23,North,Product A,24.88,2,49.75
2023-03-20,East,Product C,32.77,33,1081.55
2023-01-26,South,Product D,14.57,15,218.6
2023-05-05,North,Product B,14.04,15,210.64
2024-11-12,East,Product A,79.94,45,3597.24
2024-01-17,South,Product C,28.81,5,144.04
2023-06-01,North,Product A,22.31,9,200.79
2023-08-03,South,Product D,20.02,36,720.67
2023-04-17,East,Product A,31.44,19,597.36
2024-12-24,East,Product D,25.77,3,77.3
2024-04-07,East,Product D,23.19,39,904.38
2024-12-20,East,Product E,65.77,35,2302.03
2023-05-04,East,Product D,25.59,8,204.71
2024-12-19,East,Product E,67.62,11,743.78
2023-11-20,North,Product D,18.73,7,131.09
2024-11-06,South,Product B,15.71,36,565.43
2024-04-23,East,Product B,14.41,9,129.66
2024-07-12,North,Product E,39.44,18,709.87
2023-09-02,North,Product C,35.89,6,215.33
2023-03-20,South,Product B,16.24,23,373.57
2023-05-07,North,Product C,32.26,22,709.81
2024-08-06,West,Product D,22.04,19,418.76
2023-08-19,East,Product E,42.35,43,1821.25
2023-02-01,West,Product A,18.96,24,455.1
2024-07-17,North,Product C,37.3,6,223.79
2023-03-14,West,Product A,20.73,6,124.37
2024-07-08,North,Product A,21.8,50,1089.96
2023-11-03,North,Product E,61.36,5,306.8
2023-04-29,West,Product B,13.8,1,13.8
2023-06-27,East,Product B,17.94,35,627.88
2023-10-26,East,Product A,25.66,15,384.87
2023-08-09,North,Product B,16.53,37,611.73
2024-12-05,West,Product C,47.57,43,2045.7
2024-12-27,North,Product E,52.5,47,2467.31
2024-08-28,South,Product D,18.51,14,259.19
2024-01-13,North,Product A,26.92,19,511.41
2023-10-02,South,Product A,20.3,12,243.55
2024-06-15,West,Product E,49.03,10,490.31
2023-02-27,East,Product B,11.95,31,370.51
2023-06-13,West,Product D,20.28,40,811.32
2023-08-16,South,Product E,50.6,9,455.44
2023-11-04,East,Product D,27.33,23,628.56
2023-04-23,East,Product D,23.16,43,996.0
2024-05-29,South,Product B,12.67,19,240.82
2023-09-02,North,Product B,13.99,14,195.91
2023-01-23,North,Product A,20.95,4,83.8
2023-04-08,East,Product E,55.08,23,1266.94
2024-10-16,North,Product A,25.31,43,1088.15
2024-03-04,East,Product C,92.98,4,371.91
2024-05-15,South,Product C,32.8,6,196.8
2023-04-29,North,Product E,42.42,15,636.32
2024-11-07,South,Product C,32.68,30,980.52
2023-06-02,North,Product E,51.64,7,361.47
2023-01-09,South,Product D,16.01,6,96.06
2024-11-24,North,Product E,43.14,32,1380.4
2023-09-12,West,Product A,27.2,29,788.71
2023-12-13,East,Product E,48.34,15,725.05
2024-05-09,North,Product C,30.12,13,391.51
2023-10-08,East,Product D,20.78,50,1038.91
2023-01-08,West,Product A,19.56,30,586.67
2023-08-27,North,Product B,15.57,44,685.25
2023-08-24,North,Product B,12.75,15,191.23
2023-06-03,North,Product E,45.41,46,2088.78
2023-07-23,West,Product C,34.98,32,1119.29
2023-10-14,East,Product C,32.36,47,1520.7
2023-01-30,South,Product E,45.04,22,990.91
2024-02-29,East,Product C,36.49,45,1641.85
2023-03-10,East,Product E,51.52,31,1596.97
2024-04-07,South,Product E,40.83,4,163.32
2023-02-07,West,Product D,18.52,39,722.14
2024-01-29,South,Product B,12.21,17,207.51
2024-05-16,North,Product C,28.13,32,900.13
2024-06-15,North,Product C,34.57,27,933.5
2024-02-11,South,Product C,34.04,49,1668.05
2023-11-16,North,Product C,47.34,23,1088.85
2024-09-14,North,Product C,34.67,44,1525.44
2024-10-17,South,Product E,51.14,1,51.14
2024-11-04,South,Product D,20.19,23,464.34
2023-03-05,East,Product A,31.68,3,95.05
2024-10-13,East,Product B,13.9,34,472.76
2023-03-05,North,Product D,19.19,22,422.08
2023-02-18,West,Product C,34.76,36,1251.28
2023-07-29,East,Product E,45.03,36,1620.96
2024-03-30,West,Product C,39.86,16,637.69
2023-01-13,East,Product A,24.25,27,654.81
2024-08-09,East,Product A,98.84,15,1482.64
2023-01-01,West,Product B,12.89,41,528.68
2023-07-27,North,Product E,43.34,32,1386.8
2024-05-19,South,Product E,45.8,35,1602.87
2024-01-02,South,Product A,25.65,30,769.45
2024-01-28,West,Product E,45.21,29,1311.05
2024-02-07,East,Product C,29.28,39,1141.78
2023-01-08,North,Product A,26.33,11,289.62
2024-06-05,West,Product A,27.8,37,1028.6
2023-02-07,South,Product D,16.42,9,147.78
2023-02-02,East,Product C,31.6,26,821.67
2023-09-09,West,Product D,19.09,47,897.42
2024-10-30,South,Product A,26.13,26,679.33
2023-03-20,East,Product C,45.91,4,183.63
2024-03-10,East,Product C,38.27,26,995.15
2024-07-17,West,Product D,18.79,2,37.57
2023-06-02,North,Product A,28.11,50,1405.44
2024-03-19,South,Product B,15.61,39,608.94
2024-10-29,South,Product B,15.78,41,646.95
2023-08-01,East,Product A,23.8,47,1118.6
2024-03-08,South,Product B,12.46,45,560.64
2023-12-09,South,Product A,22.87,21,480.21
2023-03-28,South,Product A,26.62,3,79.85
2023-02-21,West,Product A,10.56,13,137.23
2024-08-08,North,Product A,24.94,18,448.98
2024-04-21,North,Product D,16.21,39,632.1
2024-06-05,South,Product B,13.78,8,110.24
2024-10-19,West,Product C,36.57,35,1279.92
2024-01-10,East,Product C,38.97,9,350.74
2023-10-06,East,Product B,18.28,28,511.92
2023-12-15,South,Product A,27.98,40,1119.18
2023-05-12,West,Product C,29.89,35,1046.26
2024-09-30,East,Product C,44.03,16,704.44
2024-06-23,East,Product D,25.09,25,627.32
2024-03-07,West,Product C,38.7,30,1161.05
2024-07-10,South,Product D,17.96,4,71.84
2024-02-21,North,Product C,31.34,23,720.86
2023-11-14,West,Product B,20.15,43,866.45
2024-04-15,North,Product E,51.77,31,1604.92
2023-08-01,North,Product A,20.04,45,901.75
2024-05-06,North,Product B,14.61,36,525.88
2023-03-11,North,Product C,33.0,46,1517.92
2024-01-25,North,Product C,32.43,15,486.38
2024-01-19,South,Product E,45.93,21,964.61
2024-01-22,East,Product A,26.9,2,53.8
2023-12-27,West,Product E,119.91,6,719.48
2024-11-26,South,Product B,18.04,15,270.59
2024-02-13,West,Product C,30.21,47,1419.66
2024-02-29,North,Product E,38.35,46,1764.01
2023-03-10,South,Product D,15.35,25,383.86
2023-10-13,North,Product D,44.02,14,616.31
2024-09-21,East,Product E,55.76,26,1449.74
2024-12-06,North,Product B,17.79,43,765.11
2023-03-20,North,Product A,20.28,50,1013.92
2023-09-03,South,Product E,50.35,3,151.04
2023-10-28,South,Product A,21.11,6,126.66
2023-07-20,East,Product A,22.59,32,723.03
2023-08-05,East,Product E,48.06,49,2354.95
2023-01-22,North,Product E,47.49,10,474.9
2023-07-24,South,Product E,40.21,23,924.75
2024-06-10,West,Product B,12.6,45,566.93
2024-10-07,North,Product B,14.32,15,214.75
2024-06-26,West,Product B,12.88,27,347.85
2023-02-23,North,Product A,23.23,26,603.93
2023-09-11,West,Product D,20.69,5,103.43
2023-06-27,North,Product E,47.65,49,2335.07
2023-05-26,West,Product C,30.68,11,337.47
2024-12-06,South,Product C,33.46,31,1037.34
2023-08-10,North,Product D,17.15,46,788.79
2024-09-11,West,Product B,13.05,32,417.68
2023-07-09,South,Product D,19.42,1,19.42
2024-01-30,East,Product B,12.6,29,365.3
2024-06-03,South,Product E,42.22,38,1604.51
2023-03-26,West,Product B,37.41,10,374.1
2023-03-03,South,Product A,26.85,25,671.32
2023-12-26,North,Product B,20.16,49,988.05
2023-01-08,South,Product B,15.33,20,306.58
2024-06-29,South,Product A,22.34,25,558.46
2024-01-10,North,Product C,32.1,18,577.81
2024-06-18,East,Product E,136.93,43,5888.2
2023-05-06,South,Product B,14.71,32,470.86
2024-02-18,West,Product A,24.79,14,347.02
2024-08-25,South,Product E,34.97,27,944.3
2024-01-17,East,Product D,16.42,37,607.57
2024-12-23,East,Product E,68.22,26,1773.74
2024-09-19,East,Product A,25.48,39,993.79
2023-04-19,North,Product C,33.38,34,1135.02
2023-02-26,North,Product A,19.08,24,457.97
2024-11-09,East,Product A,26.81,1,26.81
2023-06-13,North,Product B,12.94,27,349.49
2023-11-04,South,Product C,37.21,28,1041.95
2024-07-30,West,Product C,40.39,1,40.39
2023-03-08,West,Product A,28.91,20,578.28
2023-10-16,North,Product A,25.41,34,863.85
2023-04-09,West,Product A,25.62,14,358.72
2023-04-21,South,Product D,22.65,15,339.79
2024-03-01,South,Product C,37.17,25,929.26
2023-05-21,South,Product A,27.98,7,195.88
2024-09-22,South,Product C,38.54,27,1040.49
2024-01-14,East,Product B,16.93,31,524.82
2024-05-20,South,Product B,12.63,27,341.08
2023-12-15,North,Product E,46.77,9,420.95
2024-01-24,East,Product A,20.28,5,101.39
2023-01-26,East,Product D,16.22,43,697.56
2023-05-23,East,Product D,72.66,39,2833.79
2023-10-30,East,Product A,24.07,43,1034.84
2024-01-03,North,Product E,48.19,14,674.71
2024-06-15,East,Product A,24.13,30,724.01
2023-02-20,North,Product B,11.46,15,171.84
2024-09-18,East,Product E,41.75,45,1878.76
2023-12-13,East,Product A,34.42,34,1170.38
2023-04-06,East,Product E,55.65,44,2448.69
2024-08-01,East,Product B,18.03,36,648.92
2024-03-10,North,Product D,23.82,6,142.93
2023-05-22,North,Product B,14.45,35,505.71
2023-11-06,West,Product B,14.41,13,187.27
2024-06-30,North,Product E,50.13,6,300.79
2024-04-10,North,Product C,34.44,11,378.81
2023-03-23,North,Product D,22.27,4,89.09
2024-03-22,South,Product E,45.82,28,1282.84
2024-01-15,North,Product C,36.8,36,1324.89
2023-05-10,North,Product D,23.2,23,533.52
2024-12-14,South,Product E,123.07,24,2953.69
2024-08-03,East,Product C,45.13,45,2030.84
2024-09-14,East,Product D,23.7,20,474.09
2024-10-17,North,Product D,17.69,23,406.77
2023-10-14,West,Product E,46.1,36,1659.62
2024-06-07,East,Product C,43.33,36,1559.72
2023-09-15,North,Product A,29.9,39,1166.23
2023-09-12,East,Product B,14.21,43,610.89
2023-08-15,North,Product A,24.63,10,246.33
2024-06-02,East,Product B,17.9,22,393.76
2024-11-09,West,Product C,48.21,37,1783.79
2023-11-23,North,Product A,31.1,49,1523.96
2024-02-20,North,Product C,28.67,13,372.76
2023-05-30,East,Product B,16.84,22,370.45
2024-03-01,East,Product C,31.1,28,870.82
2023-09-15,North,Product D,21.12,17,358.99
2024-01-25,East,Product B,14.61,15,219.2
2024-10-05,East,Product D,26.2,39,1021.76
2024-07-29,South,Product C,33.4,23,768.14
2023-06-10,North,Product D,17.02,50,850.8
2023-01-04,East,Product D,19.36,12,232.26
2024-07-10,East,Product D,24.42,22,537.19
2024-01-04,West,Product B,12.67,45,570.31
2023-04-06,South,Product C,80.66,8,645.29
2023-06-16,West,Product D,18.33,26,476.48
2023-10-17,North,Product C,37.88,38,1439.44
2024-05-19,North,Product B,12.89,23,296.45
2023-12-31,South,Product D,24.64,49,1207.37
2023-10-10,South,Product C,33.36,2,66.73
2024-01-29,East,Product E,37.01,24,888.2
2023-06-08,East,Product C,31.56,18,568.05
2023-07-28,South,Product D,16.56,36,596.2
2023-09-22,North,Product B,17.16,47,806.38
2023-09-01,North,Product D,23.79,3,71.36
2023-06-07,North,Product D,21.77,41,892.37
2023-11-11,East,Product C,51.84,10,518.4
2023-05-28,East,Product C,30.87,23,709.91
2024-01-28,South,Product B,10.92,21,229.3
2024-05-28,East,Product C,31.12,34,1058.23
2023-02-04,South,Product E,31.1,32,995.1
2023-08-11,South,Product A,20.52,32,656.78
2023-05-16,South,Product E,40.57,31,1257.61
2024-12-20,East,Product C,48.49,50,2424.41
2023-05-15,South,Product C,31.28,37,1157.2
2024-10-17,West,Product E,46.07,6,276.42
2023-05-17,South,Product A,22.36,36,804.93
2024-11-25,South,Product C,36.67,20,733.31
2024-03-22,East,Product A,26.24,43,1128.23
2024-09-05,West,Product B,15.91,17,270.55
2024-09-11,West,Product D,16.58,49,812.58
2024-03-04,South,Product A,19.4,18,349.22
2024-11-26,West,Product D,23.78,30,713.54
2024-02-05,North,Product C,25.92,30,777.59
2023-04-22,West,Product E,48.99,7,342.91
2023-08-06,West,Product B,14.67,35,513.28
2023-11-25,East,Product B,18.45,42,774.75
2023-03-15,West,Product A,23.93,1,23.93
2023-11-21,West,Product B,17.39,36,626.08
2024-09-22,North,Product B,12.52,27,337.91
2023-06-23,South,Product D,19.61,15,294.1
2024-03-29,West,Product A,24.32,8,194.52
2024-07-04,North,Product A,24.12,10,241.19
2023-07-10,South,Product E,20.45,18,368.16
2024-03-16,South,Product A,19.25,33,635.12
2024-07-11,North,Product B,14.34,33,473.2
2024-12-07,North,Product C,48.17,40,1926.69
2024-12-08,South,Product C,44.63,20,892.67
2024-07-25,North,Product D,20.88,15,313.14
2023-03-10,East,Product A,26.63,23,612.4
2023-08-11,West,Product E,53.97,11,593.71
2023-01-26,North,Product C,80.6,14,1128.39
2023-05-03,North,Product B,12.04,1,12.04
2024-02-07,East,Product A,29.18,35,1021.34
2024-05-02,South,Product B,16.73,30,501.92
2024-02-22,East,Product C,31.34,16,501.47
2023-10-30,East,Product D,24.57,27,663.37
2023-07-21,North,Product A,21.86,17,371.61
2024-10-03,South,Product C,36.21,47,1702.1
2023-07-13,West,Product A,28.91,20,578.3
2024-01-03,West,Product B,37.64,32,1204.42
2023-05-03,East,Product D,24.97,9,224.76
2023-08-16,South,Product A,24.99,19,474.85
2024-07-04,East,Product D,21.01,2,42.03
2024-09-29,South,Product B,5.69,35,199.02
2024-09-04,South,Product C,32.13,12,385.58
2023-09-29,South,Product C,29.85,29,865.68
2023-11-08,North,Product D,24.05,28,673.38
2024-10-14,East,Product E,56.7,3,170.09
2023-09-12,South,Product B,15.77,27,425.71
2023-04-04,West,Product C,30.79,24,738.86
2024-02-15,South,Product A,18.52,17,314.88
2024-08-03,South,Product A,21.56,21,452.67
2023-02-27,West,Product D,20.16,25,504.03
2023-12-16,West,Product A,29.72,27,802.35
2023-10-05,South,Product E,41.29,47,1940.43
2023-03-29,South,Product E,40.39,21,848.28
2024-08-27,West,Product C,32.4,48,1555.4
2023-05-23,South,Product D,20.39,49,998.98
2023-02-19,East,Product A,21.95,8,175.63
2024-03-08,East,Product C,19.46,6,116.76
2023-05-23,South,Product C,29.75,5,148.73
2023-10-07,South,Product C,35.88,11,394.64
2024-05-13,South,Product A,25.52,38,969.8
2023-06-11,South,Product D,21.04,34,715.27
2024-03-20,North,Product D,18.34,27,495.13
2023-04-18,East,Product D,20.1,3,60.31
2024-01-19,North,Product D,15.84,5,79.18
2023-01-01,South,Product E,33.78,1,33.78
2023-10-12,North,Product A,21.9,44,963.52
2024-04-26,West,Product A,29.73,23,683.78
2023-08-09,West,Product C,38.91,5,194.54
2024-08-23,West,Product B,12.18,4,48.73
2024-09-29,South,Product B,12.64,28,353.94
2023-08-04,West,Product C,29.97,33,988.96
2023-04-22,East,Product A,23.8,15,356.95
2024-01-25,East,Product B,13.37,48,641.77
2024-08-08,West,Product A,24.62,5,123.08
2024-06-30,South,Product B,14.24,49,697.82
2024-07-28,East,Product C,35.17,32,1125.38
2023-11-11,North,Product B,17.5,36,629.95
2024-07-19,South,Product B,14.72,32,470.94
2024-05-25,East,Product D,22.56,42,947.33
2023-04-02,West,Product C,41.39,40,1655.41
2023-01-16,South,Product E,37.67,16,602.66
2023-03-17,North,Product B,14.31,50,715.61
2024-05-29,South,Product A,21.63,41,886.67
2023-02-01,West,Product E,32.94,24,790.58
2023-06-15,North,Product C,32.56,28,911.73
2024-04-24,South,Product C,35.81,44,1575.8
2023-10-28,East,Product B,16.05,43,690.34
2023-10-19,North,Product E,47.91,29,1389.49
2023-02-05,West,Product A,18.01,29,522.21
2023-01-29,North,Product A,19.37,45,871.51
2024-02-05,East,Product D,16.24,3,48.72
2023-04-21,North,Product A,26.39,8,211.12
2023-01-25,North,Product D,18.49,23,425.18
2024-02-07,East,Product E,51.77,11,569.47
2023-02-10,East,Product B,12.58,31,390.08
2024-11-16,East,Product E,48.17,24,1156.0
2024-04-23,South,Product D,17.36,47,815.99
2023-04-09,North,Product E,42.53,12,510.33
2023-09-18,South,Product D,20.57,27,555.29
2023-04-09,East,Product E,41.28,48,1981.39
2023-10-24,South,Product C,70.12,30,2103.62
2023-10-12,East,Product E,51.18,27,1381.84
2024-02-09,South,Product B,14.56,15,218.45
2024-02-14,North,Product A,24.38,47,1145.71
2023-05-22,East,Product E,53.57,17,910.62
2024-08-02,West,Product D,23.29,36,838.35
2023-09-26,South,Product A,21.34,12,256.14
2023-12-11,West,Product A,29.83,48,1431.73
2023-06-22,North,Product D,18.93,29,548.99
2023-07-09,West,Product E,52.88,34,1798.0
2024-06-02,South,Product B,11.4,1,11.4
2023-04-01,North,Product E,48.36,45,2176.02
2023-09-11,South,Product E,35.77,47,1681.32
2023-01-27,South,Product D,19.03,23,437.8
2024-10-16,West,Product B,12.89,37,476.75
2024-02-29,East,Product E,52.89,38,2009.84
2023-02-13,West,Product C,31.66,38,1203.19
2023-11-02,South,Product C,41.53,2,83.06
2023-01-13,South,Product B,10.47,34,356.03
2024-04-15,South,Product A,20.14,34,684.83
2023-08-20,West,Product D,60.18,35,2106.26
2024-01-08,South,Product B,10.45,13,135.88
2023-11-12,East,Product C,49.12,8,392.93
2023-10-28,South,Product E,35.89,49,1758.49
2024-05-05,South,Product D,15.26,4,61.04
2024-10-11,West,Product E,46.91,34,1595.05
2024-12-08,East,Product C,39.51,26,1027.26
2024-05-29,South,Product D,16.66,38,632.95
2023-01-22,North,Product A,21.25,19,403.84
2024-06-13,South,Product D,20.03,28,560.87
2024-12-16,North,Product B,16.69,30,500.57
2024-09-19,East,Product A,22.11,8,176.86
2024-07-06,North,Product A,27.38,14,383.28
2023-02-06,West,Product E,34.49,3,103.46
2023-02-13,West,Product E,42.87,25,1071.76
2023-11-03,East,Product B,16.87,23,387.99
2024-11-08,North,Product A,27.42,45,1233.8
2023-10-27,North,Product A,27.96,12,335.54
2024-08-20,East,Product A,26.15,13,339.97
2024-09-28,South,Product A,21.79,45,980.68
2024-01-13,East,Product B,12.72,7,89.03
2024-01-17,West,Product C,27.79,50,1389.72
2024-01-16,North,Product E,43.49,49,2131.11
2024-08-20,East,Product C,36.35,14,508.85
2023-08-06,West,Product A,13.52,21,284.0
2024-09-09,South,Product B,15.21,9,136.92
2024-08-30,South,Product C,28.28,8,226.27
2023-08-31,East,Product D,18.88,33,622.96
2023-03-02,North,Product B,14.72,48,706.61
2023-03-10,West,Product A,20.94,26,544.43
2024-11-28,East,Product B,15.59,15,233.85
2024-10-04,North,Product C,41.25,13,536.25
2024-06-19,North,Product E,42.38,6,254.3
2024-03-09,West,Product D,23.88,19,453.67
2024-04-01,North,Product D,22.12,22,486.62
2024-04-17,South,Product C,38.38,25,959.46
2023-08-11,South,Product C,39.78,39,1551.35
2024-04-28,East,Product E,58.34,6,350.03
2023-03-31,North,Product E,37.84,48,1816.23
2023-02-11,North,Product C,36.63,32,1172.04
2023-09-18,West,Product D,22.01,12,264.07
2023-03-21,North,Product A,23.43,46,1077.88
2023-07-22,South,Product B,14.66,26,381.24
2023-10-23,West,Product D,19.86,39,774.66
2023-08-15,South,Product E,44.48,36,1601.29
2023-08-15,East,Product E,57.58,11,633.38
2024-09-05,East,Product D,20.96,6,125.75
2024-01-23,East,Product B,17.8,29,516.2
2023-05-02,West,Product C,36.59,30,1097.83
2024-05-15,East,Product C,42.02,45,1891.04
2024-06-02,East,Product E,41.51,34,1411.35
2023-07-28,South,Product B,12.82,34,435.94
2023-09-12,East,Product E,55.72,45,2507.23
2023-06-13,North,Product B,17.69,43,760.58
2024-08-15,North,Product E,51.18,39,1995.99
2024-09-22,East,Product E,57.15,40,2286.0
2024-05-18,East,Product D,26.39,41,1082.02
2023-05-23,West,Product E,39.22,17,666.82
2024-10-23,North,Product A,27.44,38,1042.7
2023-07-01,East,Product E,43.22,11,475.38
2024-08-06,East,Product D,21.74,44,956.61
2024-10-12,North,Product B,14.59,22,320.98
2023-06-20,North,Product E,46.91,49,2298.61
2024-01-12,North,Product B,14.27,7,99.91
2023-08-01,West,Product B,30.58,18,550.49
2024-05-09,South,Product B,14.07,43,605.0
2023-03-21,North,Product A,20.26,1,20.26
2023-12-15,North,Product E,43.39,21,911.2
2023-06-06,South,Product D,15.87,14,222.25
2024-12-10,South,Product B,19.36,13,251.69
2024-09-20,East,Product D,23.7,35,829.53
2023-06-03,East,Product D,19.52,1,19.52
2023-01-10,West,Product B,13.11,14,183.54
2024-01-19,East,Product A,27.41,29,794.89
2023-09-27,West,Product B,16.94,49,829.87
2023-04-12,West,Product B,17.82,16,285.15
2024-05-16,West,Product C,39.87,31,1235.98
2023-09-12,East,Product D,25.12,28,703.29
2024-05-17,West,Product A,29.07,26,755.87
2024-05-26,North,Product B,14.59,47,685.8
2024-11-17,West,Product D,26.12,50,1305.89
2023-06-18,South,Product B,15.91,44,700.06
2023-11-05,East,Product B,15.62,7,109.33
2023-07-23,East,Product D,25.56,6,153.34
2023-09-18,West,Product B,47.68,49,2336.17
2024-03-23,North,Product C,36.12,45,1625.3
2024-10-27,East,Product C,37.31,14,522.3
2024-12-28,West,Product A,33.22,3,99.65
2023-10-26,East,Product A,29.72,1,29.72
2024-05-21,East,Product B,15.11,9,135.95
2024-08-19,North,Product B,12.35,12,148.22
2024-04-11,South,Product B,13.52,23,310.93
2023-02-25,East,Product A,28.12,5,140.61
2024-04-12,East,Product E,54.89,35,1921.08
2023-08-10,South,Product E,38.82,49,1902.14
2023-10-26,East,Product D,26.33,27,710.89
2024-04-08,West,Product B,14.19,8,113.51
2023-05-11,West,Product C,28.18,20,563.69
2024-12-31,North,Product E,54.69,4,218.76
2023-10-07,East,Product B,14.17,5,70.85
2023-12-26,South,Product C,44.93,38,1707.5
2024-10-27,East,Product D,24.48,38,930.15
2024-05-17,North,Product E,39.82,12,477.84
2023-11-28,North,Product E,179.72,37,6649.79
2023-11-30,South,Product E,58.73,50,2936.54
2024-01-28,East,Product A,23.69,9,213.19
2023-03-11,North,Product E,39.57,2,79.14
2023-01-07,East,Product B,15.01,10,150.14
2024-05-13,North,Product D,20.19,14,282.69
2023-07-14,North,Product A,21.56,3,64.67
2024-07-23,West,Product B,14.87,20,297.33
2024-03-31,West,Product C,40.45,20,809.06
2024-02-15,West,Product D,20.84,26,541.92
2023-01-26,West,Product D,21.52,6,129.1
2023-11-17,West,Product C,46.33,7,324.32
2023-01-12,North,Product A,25.64,39,999.82
2023-07-08,North,Product B,13.82,5,69.1
2024-05-11,West,Product E,45.64,20,912.9
2023-02-01,North,Product B,15.54,38,590.5
2023-06-26,East,Product C,39.17,40,1566.91
2024-04-07,West,Product E,53.79,49,2635.71
2023-01-25,East,Product B,17.3,15,259.5
2023-03-18,South,Product A,49.58,39,1933.49
2024-11-11,West,Product A,26.0,46,1196.06
2023-03-17,North,Product C,37.77,22,831.05
2023-11-20,West,Product C,35.1,42,1474.0
2023-07-10,West,Product C,30.72,50,1535.92
2023-07-27,North,Product A,27.0,49,1322.99
2023-05-06,East,Product B,14.38,30,431.51
2024-02-14,South,Product D,18.94,38,719.54
2024-12-17,East,Product C,40.29,35,1410.18
2024-09-24,South,Product D,16.54,43,711.27
2024-10-13,East,Product B,16.29,6,97.73
2023-02-21,East,Product A,29.11,21,611.32
2023-06-01,West,Product A,25.27,8,202.14
2023-04-09,West,Product C,35.12,44,1545.17
2023-09-29,West,Product B,6.52,7,45.62
2023-04-18,North,Product D,18.41,49,902.06
2024-01-26,East,Product D,16.86,3,50.58
2023-03-14,West,Product E,51.33,33,1693.83
2023-12-12,East,Product E,51.77,27,1397.88
2023-10-01,East,Product A,32.72,2,65.43
2023-12-24,West,Product E,43.82,44,1927.93
2023-12-29,South,Product B,15.14,23,348.2
2023-09-25,East,Product D,23.45,9,211.07
2024-03-17,South,Product C,27.78,13,361.18
2024-05-12,North,Product B,13.66,36,491.77
2023-08-15,North,Product D,22.51,12,270.06
2023-06-25,North,Product B,12.29,23,282.64
2024-01-10,West,Product B,15.76,37,583.27
2024-06-26,North,Product C,40.56,35,1419.73
2023-10-11,North,Product B,16.61,21,348.76
2024-02-04,East,Product C,30.38,42,1275.79
2024-12-14,West,Product B,19.85,39,774.09
2024-11-23,East,Product E,62.62,39,2442.27
2023-11-19,North,Product D,19.57,50,978.65
2024-06-07,West,Product C,30.6,41,1254.7
2023-10-04,West,Product A,22.16,37,820.09
2023-05-12,West,Product D,22.33,3,66.99
2023-12-05,West,Product C,39.48,23,907.94
2023-04-28,North,Product C,40.33,29,1169.51
2023-10-12,South,Product D,18.65,3,55.94
2023-12-27,South,Product E,51.35,28,1437.91
2024-11-29,West,Product C,45.69,17,776.71
2024-11-02,West,Product D,22.96,50,1147.85
2023-04-09,West,Product A,70.46,18,1268.27
2023-07-08,South,Product A,23.87,38,907.19
2024-11-25,East,Product E,53.5,28,1498.05
2024-02-17,North,Product E,46.59,45,2096.33
2023-05-13,South,Product B,14.07,4,56.3
2023-07-30,East,Product D,25.92,24,622.19
2024-09-13,West,Product B,13.8,12,165.66
2023-08-07,North,Product D,20.48,37,757.6
2023-07-11,West,Product B,14.36,26,373.48
2024-02-22,North,Product C,26.27,33,867.02
2024-12-11,North,Product D,25.05,48,1202.62
2023-10-20,East,Product A,25.08,26,652.17
2024-07-22,East,Product A,26.92,2,53.85
2023-11-16,South,Product C,30.66,46,1410.23
2023-10-01,North,Product C,30.84,21,647.66
2023-11-20,West,Product C,32.84,5,164.21
2024-08-13,North,Product A,24.5,49,1200.55
2023-11-15,West,Product B,20.47,21,429.93
2024-07-07,North,Product A,20.66,7,144.62
2024-08-17,West,Product D,16.8,16,268.82
2024-06-03,East,Product D,19.29,8,154.31
2023-07-02,East,Product B,19.54,7,136.76
2024-09-26,South,Product B,11.55,39,450.33
2024-08-15,West,Product E,47.29,30,1418.85
2024-09-14,West,Product C,41.97,35,1469.09
2024-09-17,West,Product D,19.41,14,271.69
2024-07-25,East,Product E,58.38,43,2510.39
2023-07-12,South,Product A,23.57,47,1107.85
2023-06-13,East,Product C,36.61,24,878.55
2023-07-07,East,Product C,36.41,13,473.39
2023-01-08,North,Product D,17.1,11,188.13
2024-06-26,West,Product A,29.98,40,1199.29
2024-06-14,West,Product E,39.3,7,275.11
2023-03-15,East,Product B,19.03,47,894.49
2024-10-24,East,Product B,19.09,36,687.25
2024-09-12,North,Product E,40.47,44,1780.84
2024-11-10,West,Product A,33.14,29,961.02
2023-09-07,East,Product A,30.23,24,725.56
2023-02-27,North,Product B,13.96,13,181.51
2023-07-21,South,Product A,26.61,43,1144.31
2024-02-02,South,Product E,44.77,29,1298.36
2023-10-21,North,Product A,28.41,8,227.29
2023-09-29,South,Product B,13.78,9,123.98
2023-01-07,East,Product D,21.89,31,678.47
2024-09-11,East,Product D,21.85,18,393.27
2024-08-13,North,Product C,33.44,28,936.23
2024-09-08,East,Product E,52.35,13,680.54
2024-08-19,West,Product A,26.75,14,374.53
2023-04-17,South,Product B,12.96,49,634.86
2023-05-05,West,Product E,38.05,46,1750.32
2024-04-21,East,Product D,23.04,47,1082.84
2024-05-15,South,Product A,20.64,25,515.96
2024-02-26,North,Product E,44.16,28,1236.49
2024-12-20,East,Product D,25.77,46,1185.53
2024-04-17,South,Product C,26.89,49,1317.48
2023-02-10,South,Product E,36.48,32,1167.41
2024-02-08,East,Product A,21.75,25,543.76
2023-05-17,West,Product C,40.02,40,1601.0
2024-01-10,East,Product C,34.98,49,1713.82
2024-07-30,West,Product E,42.4,6,254.37
2024-11-02,North,Product C,40.84,36,1470.23
2023-12-09,East,Product E,58.06,13,754.84
2023-02-05,North,Product D,19.79,19,376.03
2024-05-08,East,Product E,57.43,42,2411.92
2024-10-01,South,Product B,13.4,38,509.14
2023-06-23,South,Product C,30.65,45,1379.43
2023-01-29,North,Product B,11.43,6,68.59
2023-01-20,East,Product E,43.64,23,1003.61
2024-12-09,West,Product C,32.69,16,523.08
2024-05-04,North,Product A,27.18,10,271.79
2023-08-21,West,Product B,13.63,44,599.68
2024-02-26,North,Product E,41.57,38,1579.47
2024-01-17,North,Product A,26.52,3,79.55
2024-10-13,North,Product B,14.5,17,246.49
2024-10-19,East,Product B,18.72,36,673.82
2024-01-20,South,Product A,23.02,3,69.07
2023-12-29,South,Product C,43.63,41,1788.86
2024-09-01,East,Product B,13.97,1,13.97
2023-05-25,East,Product D,22.23,46,1022.46
2023-08-13,South,Product E,45.1,47,2119.69
2024-05-08,South,Product B,13.02,18,234.4
2023-08-07,East,Product B,15.12,21,317.62
2023-07-30,West,Product D,18.7,35,654.46
2023-09-27,East,Product D,21.9,22,481.79
2023-09-13,East,Product D,21.64,27,584.28
2024-04-11,East,Product B,16.39,49,803.04
2024-03-15,West,Product A,20.86,44,917.75
2023-02-22,East,Product A,28.67,33,946.08
2024-02-10,North,Product B,14.09,4,56.36
2023-12-16,North,Product A,26.2,26,681.11
2023-10-31,East,Product A,23.85,21,500.81
2023-12-25,East,Product A,32.98,41,1352.25
2023-11-08,West,Product C,44.86,13,583.12
2023-06-08,West,Product A,26.08,14,365.15
2024-11-26,South,Product D,23.71,42,995.67
2024-03-31,East,Product A,32.42,29,940.27
2024-09-15,East,Product D,20.59,13,267.7
2023-11-30,North,Product D,24.92,8,199.36
2023-05-07,South,Product E,47.68,23,1096.61
2023-02-20,North,Product C,32.49,27,877.19
2023-03-20,East,Product D,21.95,14,307.37
2024-08-06,East,Product B,13.57,48,651.21
2024-09-06,East,Product D,21.48,11,236.3
2024-05-06,North,Product A,22.47,19,426.89
2024-12-12,West,Product A,31.21,34,1061.03
2024-08-13,West,Product D,17.43,17,296.32
2024-09-14,South,Product E,47.72,17,811.22
2024-09-23,South,Product C,37.95,28,1062.69
2023-09-22,South,Product E,44.36,24,1064.71
2024-04-24,North,Product D,22.99,36,827.73
2023-08-25,South,Product D,17.85,5,89.25
2024-12-21,West,Product E,59.03,5,295.15
2024-09-18,East,Product D,19.55,43,840.71
2024-01-24,East,Product C,34.87,26,906.74
2023-03-23,East,Product A,30.05,22,661.2
2023-05-19,North,Product D,16.86,34,573.24
2024-10-03,East,Product D,18.96,18,341.33
2024-08-09,North,Product B,17.8,7,124.59
2023-08-08,West,Product C,29.81,47,1401.07
2024-03-10,West,Product C,16.24,41,665.68
2023-09-03,East,Product B,16.49,25,412.34
2023-09-08,West,Product D,21.38,21,448.92
2023-11-09,South,Product D,17.9,47,841.45
2023-09-06,North,Product B,13.88,23,319.3
2024-06-25,East,Product A,25.19,40,1007.53
2024-02-04,South,Product E,79.66,39,3106.74
2023-11-23,North,Product C,37.86,46,1741.38
2023-02-03,North,Product B,14.84,5,74.18
2024-04-07,North,Product D,20.51,14,287.08
2024-01-02,East,Product B,14.82,33,489.03
2024-06-08,South,Product B,14.41,50,720.39
2023-05-28,West,Product A,29.61,1,29.61
2023-02-15,North,Product B,12.09,7,84.6
2024-07-07,North,Product C,38.94,41,1596.67
2024-06-29,East,Product E,51.47,40,2058.6
2024-11-10,North,Product E,47.53,29,1378.39
2023-02-12,East,Product D,18.13,27,489.4
2023-05-26,West,Product D,16.89,30,506.56
2024-01-05,North,Product A,12.5,31,387.65
2023-08-14,South,Product A,6.13,45,276.06
2023-10-15,North,Product A,25.75,4,103.01
2023-11-01,South,Product A,22.28,5,111.42
2023-01-08,West,Product B,12.32,1,12.32
2024-03-10,West,Product B,38.93,15,583.97
2023-03-24,South,Product B,13.39,24,321.33
2024-12-14,North,Product C,45.77,3,137.32
2024-03-13,South,Product B,15.89,35,556.27
2024-08-20,South,Product E,42.8,29,1241.26
2024-04-02,South,Product A,25.58,6,153.46
2024-08-17,North,Product C,37.83,31,1172.85
2023-06-07,West,Product D,23.8,25,595.01
2024-10-01,West,Product C,41.37,42,1737.58
2024-07-13,East,Product D,42.81,50,2140.47
2023-02-02,West,Product D,16.31,12,195.69
2024-02-22,West,Product E,36.46,37,1349.01
2024-10-15,North,Product B,15.34,30,460.17
2023-12-19,North,Product B,18.18,15,272.7
2024-11-30,East,Product B,19.41,25,485.13
2024-02-29,West,Product E,38.54,13,501.04
2023-09-26,North,Product A,21.64,23,497.69
2024-06-05,East,Product D,20.9,4,83.6
2023-01-16,East,Product C,39.94,44,1757.39
2023-10-07,West,Product E,37.05,33,1222.79
2023-05-23,West,Product C,36.17,29,1048.92
2023-10-25,South,Product A,27.81,29,806.57
2024-04-03,North,Product A,21.63,14,302.79
2024-10-10,West,Product B,16.19,17,275.15
2023-05-03,North,Product B,14.64,3,43.93
2023-06-10,South,Product D,16.2,14,226.77
2024-04-13,East,Product A,25.84,45,1162.74
2024-02-16,East,Product C,34.99,34,1189.76
2024-11-24,North,Product B,17.41,31,539.68
2023-05-27,East,Product C,34.64,49,1697.35
2024-08-04,West,Product A,20.87,14,292.25
2023-04-05,North,Product A,24.75,12,296.95
2023-03-07,North,Product B,15.69,3,47.06
2024-03-01,North,Product D,18.68,49,915.09
2024-12-08,East,Product D,24.76,12,297.16
2024-12-23,West,Product B,16.53,7,115.7
2023-04-03,East,Product E,45.86,26,1192.29
2024-11-19,East,Product C,45.28,22,996.25
2023-09-06,North,Product A,26.29,3,78.87
2023-11-17,West,Product E,59.56,48,2858.89
2023-12-11,West,Product B,15.48,7,108.37
2023-05-15,North,Product E,44.72,46,2057.32
2023-08-09,East,Product B,18.73,49,917.74
2023-07-30,East,Product E,103.48,4,413.93
2024-03-07,South,Product C,32.39,4,129.55
2024-06-27,North,Product C,29.82,27,805.07
2024-02-15,South,Product D,19.28,46,886.92
2023-05-21,West,Product E,45.79,41,1877.37
2023-06-15,North,Product A,28.77,42,1208.47
2023-06-09,East,Product E,56.07,24,1345.75
2024-05-15,North,Product D,17.74,47,833.85
2024-11-14,North,Product A,34.3,3,102.9
2023-08-30,South,Product B,12.41,31,384.7
2023-04-05,East,Product C,41.77,49,2046.53
2024-06-09,East,Product B,15.68,44,689.78
2024-01-14,East,Product D,18.5,26,480.95
2023-06-03,East,Product C,44.45,19,844.54
2023-06-27,East,Product D,18.81,42,789.87
2024-04-15,North,Product B,12.34,47,580.16
2024-03-13,North,Product D,21.15,12,253.77
2023-11-17,North,Product D,18.98,12,227.8
2023-08-16,South,Product E,48.9,48,2347.01
2023-08-10,South,Product D,15.22,12,182.69
2024-12-23,South,Product E,53.84,21,1130.68
2023-01-03,South,Product D,20.26,32,648.3
2023-02-27,West,Product E,34.99,6,209.96
2024-05-11,East,Product C,45.83,44,2016.31
2024-10-30,North,Product D,21.61,29,626.82
2024-03-27,West,Product C,40.68,12,488.14
2024-09-03,South,Product B,13.69,23,314.83
2023-07-15,South,Product C,36.31,32,1161.78
2024-11-24,East,Product E,46.55,20,930.91
2024-01-05,South,Product D,17.82,31,552.32
2023-04-29,South,Product E,49.88,20,997.62
2023-11-12,South,Product A,27.03,1,27.03
2024-06-25,West,Product A,29.23,47,1373.62
2023-10-31,East,Product A,59.92,41,2456.62
2024-03-16,South,Product B,15.95,16,255.17
2023-05-30,North,Product A,28.15,17,478.59
2024-07-19,East,Product C,36.21,28,1013.96
2023-05-08,West,Product E,53.73,42,2256.56
2023-01-06,South,Product E,36.18,21,759.82
2023-04-20,South,Product B,39.99,5,199.94
2024-12-01,South,Product A,28.73,20,574.5
2024-10-15,South,Product D,17.79,2,35.57
2023-05-24,South,Product A,20.95,2,41.9
2023-10-01,North,Product C,40.85,7,285.92
2024-06-04,North,Product C,32.99,47,1550.57
2024-09-02,South,Product E,34.72,25,868.1
2024-09-09,North,Product B,14.84,22,326.48
2024-11-29,North,Product B,18.83,40,753.17
2023-06-14,South,Product B,4.98,22,109.46
2023-04-15,North,Product C,36.36,50,1818.16
2023-10-05,West,Product C,39.49,7,276.46
2023-03-29,East,Product E,45.93,50,2296.71
2023-01-30,East,Product C,31.21,25,780.16
2023-07-05,North,Product B,17.81,4,71.23
2024-08-23,North,Product B,15.0,15,225.05
2023-10-06,West,Product E,50.3,1,50.3
2024-12-27,West,Product A,9.72,30,291.61
2024-09-30,South,Product E,39.15,10,391.54
2024-07-03,North,Product C,31.94,21,670.64
2023-08-31,North,Product D,20.77,31,643.85
2024-09-28,West,Product D,17.09,18,307.56
2023-02-14,East,Product D,18.86,43,811.17
2024-07-15,East,Product B,19.03,7,133.18
2023-09-10,North,Product A,23.75,14,332.47
2023-06-26,East,Product C,41.04,6,246.21
2024-03-17,East,Product A,32.28,13,419.6
2023-03-24,South,Product A,21.77,50,1088.51
2024-05-17,West,Product D,19.29,50,964.7
2023-10-02,West,Product C,33.33,44,1466.64
2023-12-31,West,Product A,27.87,32,891.81
2024-01-14,West,Product C,27.82,18,500.68
2024-07-23,East,Product C,32.83,43,1411.87
2024-06-15,East,Product A,24.87,37,920.23
2024-05-13,East,Product E,48.21,30,1446.29
2023-05-11,East,Product D,19.58,23,450.26
2024-09-09,West,Product C,29.33,49,1437.34
2024-03-13,North,Product E,36.75,21,771.7
2023-05-02,West,Product A,20.4,16,326.34
2023-06-09,West,Product D,22.44,12,269.25
2023-03-16,North,Product A,21.03,49,1030.61
2023-03-29,North,Product C,35.16,7,246.12
2023-09-20,South,Product B,15.84,50,791.95
2024-02-25,South,Product C,29.87,33,985.71
2023-02-10,East,Product C,41.55,46,1911.29
2023-04-27,South,Product C,37.87,9,340.8
2023-06-28,West,Product A,24.05,8,192.37
2023-02-16,West,Product C,35.83,50,1791.45
2023-02-07,North,Product A,24.11,38,916.07
2023-05-13,East,Product D,25.87,36,931.4
2023-06-15,North,Product C,41.96,26,1091.0
2024-02-21,North,Product E,48.28,47,2269.16
2023-03-18,West,Product A,25.69,29,745.08
2024-09-01,West,Product D,22.94,30,688.33
2023-10-02,North,Product C,39.76,41,1630.22
2023-03-01,West,Product B,12.68,47,595.73
2024-12-03,North,Product D,24.39,4,97.55
2023-11-30,South,Product B,14.76,37,546.28
2023-02-17,North,Product A,24.53,24,588.82
2024-12-30,West,Product B,18.74,16,299.87
2023-04-27,North,Product B,13.97,22,307.42
2024-09-28,South,Product D,18.71,41,767.0
2024-10-28,West,Product A,27.5,41,1127.41
2023-09-30,East,Product B,13.31,32,425.85
2023-07-17,South,Product D,20.76,49,1017.0
2024-11-24,North,Product C,35.51,2,71.03
2023-04-02,East,Product B,15.03,29,436.0
2023-04-08,South,Product C,36.09,1,36.09
2023-11-02,North,Product C,34.21,14,478.92
2024-12-25,East,Product B,45.27,48,2172.82
2024-10-01,East,Product A,31.23,39,1217.91
2024-07-31,North,Product C,38.29,17,651.01
2024-12-14,North,Product E,61.34,4,245.38
2023-08-11,North,Product C,38.99,1,38.99
2023-01-16,East,Product A,69.09,43,2970.85
2023-01-24,East,Product D,21.9,34,744.6
2024-05-23,East,Product C,42.46,5,212.29
2023-05-25,North,Product A,25.72,26,668.65
2023-10-05,South,Product D,22.56,48,1083.11
2023-04-03,West,Product E,52.8,32,1689.5
2023-02-27,East,Product C,30.81,32,985.78
2024-11-04,South,Product B,17.9,19,340.11
2023-12-30,East,Product C,107.99,34,3671.57
2024-12-15,North,Product B,17.12,9,154.05
2024-09-10,South,Product D,18.29,4,73.16
2023-05-17,North,Product A,22.42,23,515.67
2023-09-12,East,Product A,30.79,20,615.85
2024-02-01,East,Product C,32.41,31,1004.66
2024-04-11,West,Product D,10.86,9,97.74
2023-03-08,East,Product D,17.68,41,725.01
2023-07-25,West,Product E,42.53,35,1488.66
2023-08-15,South,Product E,48.4,2,96.8
2024-10-23,West,Product C,18.16,31,562.89
2023-12-02,East,Product B,17.55,18,315.83
2024-10-24,West,Product E,45.04,2,90.08
2023-03-15,North,Product C,32.02,17,544.3
2023-08-13,South,Product B,14.73,31,456.66
2024-08-03,South,Product D,16.31,30,489.41
2024-01-27,East,Product D,21.05,47,989.19
2023-09-30,North,Product C,30.46,49,1492.58
2024-11-10,West,Product D,21.67,10,216.73
2023-09-14,West,Product E,37.3,40,1491.89
2024-12-31,East,Product E,58.83,26,1529.7
2024-08-01,South,Product A,28.26,44,1243.45
2023-09-13,South,Product D,21.33,19,405.27
2023-03-14,North,Product B,15.89,39,619.85
2024-07-06,West,Product A,24.84,7,173.88
2023-04-13,West,Product A,20.94,5,104.71
2023-11-04,West,Product E,53.01,12,636.16
2023-01-13,North,Product B,15.22,8,121.77
2023-12-28,East,Product E,49.44,5,247.2
2023-09-16,South,Product D,21.39,25,534.82
2023-05-13,South,Product C,30.09,3,90.27
2023-04-04,South,Product E,35.29,38,1341.14
2023-06-24,North,Product E,44.48,50,2223.99
2024-02-24,North,Product A,19.7,29,571.42
2024-10-02,South,Product C,28.51,5,142.57
2023-09-15,South,Product D,18.91,27,510.44
2024-03-14,North,Product E,46.94,48,2252.88
2023-01-31,East,Product E,38.65,47,1816.47
2024-10-23,East,Product D,19.61,34,666.76
2024-04-21,North,Product C,35.96,45,1618.13
2024-11-09,West,Product D,23.87,20,477.43
2024-06-05,North,Product B,17.0,28,476.05
2023-08-30,South,Product E,39.38,8,315.01
2024-10-04,West,Product E,47.05,42,1976.08
2024-10-06,North,Product B,17.9,39,698.18
2023-02-21,North,Product E,45.71,13,594.26
2023-08-21,West,Product E,49.58,48,2379.99
2024-05-08,North,Product A,22.33,30,670.02
2023-11-30,South,Product D,21.79,13,283.25
2024-01-29,North,Product C,32.5,12,390.03
2023-05-17,East,Product C,33.02,36,1188.61
2024-03-30,East,Product E,48.23,25,1205.75
2023-03-16,West,Product B,15.36,29,445.34
2024-12-04,North,Product D,21.69,14,303.63
2024-07-05,East,Product E,57.32,41,2350.23
2023-11-20,East,Product A,35.44,42,1488.38
2024-09-02,West,Product D,19.71,49,965.73
2023-01-25,West,Product C,36.88,2,73.77
2024-01-22,South,Product A,20.12,16,321.86
2024-08-03,North,Product E,48.29,26,1255.41
2024-10-02,South,Product A,24.35,15,365.19
2024-05-09,East,Product A,29.74,12,356.85
2024-12-27,West,Product A,32.23,47,1514.88
2023-11-25,South,Product A,32.72,6,196.31
2023-08-31,East,Product C,33.93,50,1696.42
2023-07-16,West,Product C,39.07,13,507.95
2023-05-01,North,Product A,29.36,41,1203.78
2024-05-10,East,Product A,22.12,14,309.63
2024-08-14,South,Product D,16.82,20,336.39
2024-04-02,East,Product A,28.65,22,630.38
2024-12-06,South,Product A,31.25,7,218.72
2024-06-05,North,Product D,22.13,44,973.59
2023-09-22,West,Product D,22.84,3,68.53
2023-04-22,South,Product D,21.13,27,570.48
2023-05-21,North,Product B,17.06,10,170.6
2024-11-22,North,Product E,43.29,36,1558.37
2023-01-07,South,Product A,24.49,15,367.32
2024-12-01,East,Product D,26.66,34,906.46
2024-09-29,North,Product C,36.85,22,810.69
2023-08-23,South,Product D,17.24,12,206.89
2023-09-08,East,Product C,43.69,10,436.91
2023-11-22,North,Product D,20.0,38,759.94
2024-10-20,North,Product A,20.33,6,121.98
2023-04-25,East,Product E,40.49,5,202.43
2023-11-14,South,Product D,23.26,44,1023.6
2023-11-21,North,Product A,29.1,44,1280.25
2024-02-23,East,Product D,22.48,31,696.84
2024-03-30,East,Product B,13.37,22,294.21
2024-11-18,West,Product C,36.71,25,917.77
2024-08-27,South,Product C,36.5,14,510.94
2024-07-25,West,Product C,79.52,16,1272.24
2023-04-26,West,Product C,28.36,19,538.83
2024-01-26,South,Product A,19.53,35,683.65
2023-07-23,West,Product E,47.21,46,2171.43
2024-05-12,East,Product C,33.08,35,1157.94
2023-02-26,North,Product A,26.43,24,634.35
2024-11-20,West,Product B,19.86,42,834.19
2023-01-30,East,Product E,41.16,3,123.48
2023-11-19,West,Product B,19.17,27,517.49
2023-06-02,North,Product A,27.74,27,749.11
2024-06-18,East,Product C,32.65,30,979.36
2024-07-18,North,Product D,19.27,15,289.0
2023-02-11,North,Product D,17.44,25,435.99
2024-01-03,South,Product A,19.08,1,19.08
2023-03-14,North,Product B,13.09,3,39.26
2023-01-23,West,Product C,25.72,14,360.06
2024-08-15,East,Product A,27.7,32,886.36
2024-10-02,North,Product A,22.21,50,1110.32
2023-12-12,North,Product A,30.1,36,1083.67
2023-12-22,South,Product A,23.75,4,94.98
2024-03-15,East,Product A,27.02,31,837.74
2024-09-22,North,Product D,18.17,13,236.27
2024-11-23,North,Product C,16.85,20,337.02
2024-06-08,West,Product D,20.61,24,494.59
2023-03-13,West,Product A,24.45,6,146.69
2024-02-01,North,Product E,35.33,7,247.28
2024-03-21,East,Product C,42.68,44,1878.13
2023-01-24,East,Product A,22.6,38,858.89
2023-03-12,East,Product C,34.8,28,974.28
2024-08-02,West,Product A,27.14,19,515.69
2024-05-31,South,Product E,35.74,23,822.12
2023-10-28,West,Product D,21.93,39,855.38
2024-09-11,West,Product B,14.5,45,652.68
2023-05-17,West,Product C,30.7,13,399.14
2023-12-20,North,Product E,59.6,21,1251.53
2023-06-02,North,Product B,12.1,1,12.1
2023-12-21,West,Product D,10.8,36,388.81
2023-07-14,East,Product D,26.17,13,340.25
2023-10-25,East,Product D,19.2,43,825.44
2023-10-12,North,Product C,41.67,13,541.66
2024-01-14,East,Product A,24.84,46,1142.62
2023-10-03,East,Product C,39.36,23,905.22
2024-11-09,West,Product D,24.78,28,693.82
2024-02-29,North,Product B,12.16,6,72.95
2023-11-01,West,Product D,19.37,19,367.96
2024-08-30,South,Product E,48.66,9,437.97
2024-09-03,East,Product D,18.2,44,800.99
2024-04-11,South,Product D,17.43,9,156.86
2024-04-07,South,Product E,44.96,31,1393.78
2023-05-01,East,Product A,31.63,40,1265.18
2023-06-13,North,Product D,19.24,49,942.79
2024-07-18,North,Product A,23.26,10,232.61
2024-10-16,East,Product C,36.37,48,1745.62
2023-07-03,West,Product A,27.5,29,797.56
2023-03-09,East,Product B,15.75,45,708.69
2024-04-04,West,Product D,17.21,50,860.57
2024-12-30,South,Product E,39.49,15,592.33
2024-09-28,West,Product C,38.22,2,76.45
2024-05-21,East,Product A,25.72,41,1054.56
2024-10-08,North,Product B,17.95,6,107.7
2024-09-13,East,Product E,47.74,4,190.97
2023-04-17,East,Product C,36.15,34,1229.19
2023-12-14,West,Product B,17.9,44,787.8
2024-12-19,West,Product A,29.87,3,89.6
2024-06-10,South,Product A,22.66,6,135.96
2023-10-26,West,Product A,24.68,43,1061.43
2023-03-04,East,Product B,18.45,41,756.61
2023-03-28,South,Product C,35.83,12,430.0
2024-08-16,West,Product E,51.46,24,1234.95
2024-05-05,West,Product D,20.48,22,450.66
2023-07-27,West,Product D,23.56,22,518.33
2023-11-09,East,Product B,21.01,16,336.13
2024-02-26,South,Product E,39.09,39,1524.49
2023-06-22,South,Product C,31.24,36,1124.81
2023-04-27,West,Product D,17.65,30,529.45
2024-08-13,West,Product E,48.56,25,1214.03
2024-11-04,East,Product D,13.74,8,109.93
2024-10-26,West,Product C,41.9,39,1634.16
2024-12-14,South,Product A,32.53,20,650.6
2023-01-17,South,Product D,15.71,23,361.31
2023-12-22,South,Product C,35.38,45,1592.16
2023-09-05,North,Product B,16.22,3,48.67
2023-10-17,North,Product B,13.39,50,669.52
2024-11-30,West,Product B,16.46,38,625.34
2024-06-22,East,Product A,25.14,47,1181.8
2023-12-30,North,Product C,41.8,46,1922.78
2023-10-19,North,Product C,33.15,28,928.17
2024-02-21,South,Product C,27.89,18,502.11
2023-08-31,South,Product A,23.85,20,477.07
2024-11-09,West,Product B,15.08,37,557.82
2024-08-18,East,Product C,31.94,4,127.76
2024-02-28,South,Product D,14.71,42,617.95
2023-12-11,East,Product D,27.84,2,55.69
2024-12-31,South,Product C,36.32,30,1089.6
2023-01-22,South,Product C,33.56,36,1208.34
2024-03-19,North,Product C,32.89,19,624.86
2024-06-15,West,Product C,40.82,23,938.95
2023-05-11,South,Product B,12.01,26,312.29
2023-06-13,East,Product B,15.51,46,713.41
2023-03-13,North,Product E,53.42,15,801.26
2024-03-31,South,Product B,16.96,11,186.6
2024-03-27,East,Product E,57.54,8,460.35
2023-08-14,East,Product D,25.28,34,859.66
2023-08-10,North,Product C,41.5,12,497.95
2023-03-24,West,Product B,17.07,47,802.49
2023-02-09,North,Product E,39.91,3,119.73
2024-05-17,West,Product D,16.47,27,444.71
2023-04-26,East,Product B,14.1,10,140.98
2023-08-01,West,Product C,39.98,30,1199.29
2024-11-07,South,Product B,17.8,25,445.06
2024-11-05,North,Product B,18.06,27,487.6
2024-08-04,East,Product E,57.1,27,1541.81
2023-03-08,South,Product C,30.64,18,551.46
2023-07-09,North,Product B,17.25,26,448.4
2024-10-27,West,Product A,21.13,36,760.57
2023-01-24,North,Product A,21.78,7,152.43
2023-08-26,East,Product D,24.32,38,924.12
2024-09-03,West,Product D,19.59,4,78.36
2023-07-03,North,Product C,31.13,24,747.1
2023-08-17,South,Product B,14.26,34,485.01
2024-08-05,South,Product C,29.44,49,1442.51
2023-10-04,North,Product E,53.01,46,2438.68
2024-06-10,South,Product D,21.64,48,1038.85
2024-09-05,East,Product B,15.01,42,630.39
2024-10-13,North,Product B,16.32,6,97.9
2024-06-03,North,Product C,35.07,37,1297.43
2024-07-25,West,Product D,20.0,16,320.07
2024-11-13,West,Product E,45.54,28,1274.98
2023-10-25,West,Product D,22.0,5,110.0
2023-12-02,East,Product C,41.98,10,419.8
2024-02-19,East,Product D,20.05,8,160.39
2024-03-10,East,Product C,38.43,47,1806.09
2024-08-17,North,Product D,19.73,50,986.27
2023-12-10,East,Product D,30.06,32,962.04
2023-08-30,South,Product C,32.47,44,1428.56
2023-09-15,North,Product C,29.18,37,1079.49
2024-10-08,West,Product E,39.75,49,1947.97
2024-09-02,West,Product B,33.12,11,364.3
2024-09-23,East,Product A,27.8,16,444.77
2023-07-26,South,Product E,44.77,42,1880.21
2024-10-17,North,Product A,21.11,18,379.9
2024-10-06,North,Product E,46.56,39,1815.84
2024-08-23,West,Product D,21.37,20,427.3
2023-06-05,South,Product B,12.96,38,492.31
2024-06-12,East,Product E,45.21,16,723.32
2023-08-15,West,Product B,16.74,44,736.34
2023-02-25,East,Product A,22.51,39,877.7
2024-12-13,West,Product C,41.6,46,1913.69
2023-01-27,South,Product D,14.99,12,179.84
2023-11-30,East,Product A,31.71,25,792.79
2023-11-06,South,Product B,19.17,16,306.75
2023-09-18,West,Product B,16.68,45,750.78
2024-08-21,South,Product C,34.47,45,1551.3
2024-03-31,West,Product D,21.8,36,784.64
2023-07-29,East,Product A,23.22,10,232.2
2024-10-20,West,Product E,43.4,21,911.34
2024-12-23,North,Product A,33.92,12,407.03
2023-06-11,North,Product B,16.09,33,531.05
2023-12-15,West,Product B,16.22,35,567.54
2023-03-18,South,Product E,50.14,7,350.99
2024-11-01,South,Product B,18.35,16,293.54
2023-04-22,North,Product D,19.26,26,500.81
2024-10-24,North,Product D,17.85,18,321.25
2024-03-29,South,Product B,13.04,32,417.34
2024-07-05,West,Product A,27.22,43,1170.4
2024-01-28,East,Product A,27.57,5,137.85
2023-11-30,East,Product E,54.27,8,434.17
2024-01-12,South,Product D,18.02,1,18.02
2024-10-14,East,Product B,16.96,33,559.73
2023-12-12,South,Product D,19.53,38,741.96
2023-07-15,North,Product C,39.22,21,823.71
2024-05-02,South,Product E,39.58,20,791.59
2023-02-15,South,Product D,16.03,49,785.51
2023-09-07,West,Product C,39.89,3,119.68
2023-02-06,East,Product A,28.92,49,1417.17
2023-09-11,North,Product B,15.86,44,697.88
2023-02-14,South,Product C,31.51,45,1418.15
2024-08-21,West,Product E,52.07,30,1562.07
2024-06-05,North,Product E,45.77,7,320.4
2024-10-02,East,Product D,25.51,4,102.06
2023-09-30,East,Product A,24.18,5,120.91
2023-03-28,South,Product B,15.04,3,45.13
2024-07-21,South,Product C,32.34,48,1552.16
2023-11-17,North,Product D,27.11,10,271.11
2024-12-16,South,Product A,27.94,27,754.38
2023-02-20,West,Product D,16.59,47,779.96
2023-07-18,West,Product B,15.32,36,551.68
2023-07-24,East,Product B,18.36,13,238.63
2023-06-25,South,Product E,39.35,43,1692.23
2024-01-11,North,Product E,45.27,24,1086.55
2023-03-14,West,Product D,23.61,11,259.66
2024-11-03,East,Product C,51.45,20,1029.05
2023-07-16,South,Product A,22.46,34,763.51
2024-08-13,East,Product A,22.54,44,991.9
2024-05-12,South,Product C,28.14,21,590.95
2023-05-05,West,Product A,29.51,15,442.63
2024-02-26,North,Product D,17.6,38,668.73
2024-11-15,North,Product E,59.28,3,177.83
2024-01-31,North,Product A,24.29,9,218.59
2024-11-20,East,Product A,35.56,17,604.53
2024-12-21,South,Product C,32.45,26,843.72
2024-10-25,North,Product B,13.47,20,269.41
2023-02-18,East,Product C,40.93,39,1596.12
2024-03-05,East,Product C,39.36,29,1141.46
2024-03-18,South,Product E,49.11,50,2455.5
2024-03-23,East,Product D,23.57,11,259.31
2024-02-11,West,Product A,25.51,20,510.1
2023-10-08,West,Product C,34.98,2,69.95
2023-02-26,South,Product A,24.32,34,826.81
2024-09-15,North,Product A,24.78,33,817.64
2024-11-24,South,Product A,22.09,9,198.82
2023-09-03,East,Product A,27.83,14,389.66
2024-01-11,East,Product E,45.21,36,1627.65
2024-06-24,North,Product B,17.74,49,869.39
2024-10-20,South,Product C,39.28,9,353.56
2024-08-20,South,Product A,28.49,5,142.44
2024-11-04,West,Product C,38.64,45,1738.86
2024-12-17,South,Product A,25.18,21,528.77
2023-07-10,South,Product B,15.21,37,562.87
2023-07-01,South,Product C,32.93,10,329.34
2023-07-05,North,Product C,40.29,29,1168.39
2024-08-14,West,Product D,21.52,20,430.33
2024-08-17,West,Product C,38.2,35,1336.91
2023-03-29,West,Product B,8.16,37,301.79
2024-09-01,North,Product D,22.4,38,851.27
2023-05-07,South,Product D,15.69,41,643.34
2024-12-12,East,Product E,57.52,47,2703.67
2023-03-07,East,Product A,24.21,2,48.43
2023-11-30,South,Product E,54.04,34,1837.53
2024-10-25,South,Product A,23.26,9,209.33
2023-10-10,West,Product D,20.81,2,41.62
2023-05-12,East,Product B,16.26,5,81.32
2024-07-15,East,Product B,14.2,26,369.09
2024-12-11,South,Product A,22.12,28,619.48
2023-02-28,East,Product C,35.84,1,35.84
2024-07-11,West,Product D,20.44,40,817.5
2024-01-12,South,Product C,32.88,10,328.81
2023-08-17,East,Product A,32.8,39,1279.21
2024-04-12,West,Product D,23.96,16,383.41
2024-03-30,North,Product C,37.23,3,111.7
2024-09-23,East,Product E,45.46,7,318.21
2024-08-18,East,Product E,51.22,32,1639.08
2024-06-12,West,Product B,14.64,27,395.2
2024-08-02,East,Product C,35.59,1,35.59
2023-10-13,East,Product E,39.68,49,1944.12
2023-11-06,West,Product E,46.76,5,233.78
2023-03-30,West,Product A,21.9,45,985.53
2023-07-06,West,Product A,29.61,41,1214.19
2024-10-19,North,Product B,13.12,39,511.63
2024-08-03,South,Product B,13.74,12,164.93
2023-10-10,North,Product A,21.64,44,952.17
2023-02-18,West,Product B,11.45,42,480.75
2023-05-07,West,Product D,23.16,21,486.3
2024-04-21,North,Product B,14.62,18,263.14
2023-02-16,West,Product C,34.82,26,905.42
2024-09-23,West,Product A,29.43,7,206.03
2024-05-02,East,Product A,25.67,44,1129.27
2023-12-07,East,Product A,28.29,30,848.67
2024-09-06,South,Product D,18.45,12,221.38
2024-03-10,West,Product E,47.68,7,333.79
2024-07-14,South,Product D,20.86,36,750.83
2023-08-22,West,Product E,38.82,1,38.82
2023-12-15,South,Product C,33.08,41,1356.37
2023-09-24,East,Product E,59.26,50,2962.86
2023-01-27,North,Product E,48.42,36,1742.98
2023-10-10,East,Product E,44.76,12,537.14
2023-12-31,North,Product B,13.87,10,138.74
2023-01-12,North,Product C,29.56,7,206.94
2023-04-07,South,Product B,11.94,19,226.84
2023-02-19,East,Product B,12.38,10,123.8
2024-11-01,East,Product B,20.29,48,973.84
2023-01-30,North,Product C,34.51,3,103.52
2023-04-13,South,Product D,21.56,46,991.54
2024-12-31,East,Product A,25.78,6,154.66
2023-02-14,North,Product B,12.35,23,284.02
2024-01-28,East,Product A,27.8,7,194.57
2024-01-05,North,Product A,25.63,7,179.39
2024-09-13,West,Product E,52.77,9,474.89
2023-12-28,East,Product B,18.26,43,785.24
2024-06-15,South,Product A,25.3,7,177.1
2024-10-20,South,Product B,12.63,6,75.76
2023-05-17,South,Product D,20.07,18,361.32
2023-11-20,South,Product C,31.06,3,93.17
2023-06-28,South,Product B,14.63,2,29.26
2024-06-16,East,Product D,18.86,31,584.71
2024-01-19,South,Product B,15.29,20,305.89
2024-03-25,West,Product C,40.47,29,1173.56
2023-11-18,West,Product C,47.81,9,430.33
2023-12-17,East,Product A,35.59,17,605.11
2024-12-19,West,Product B,18.93,48,908.66
2023-12-07,South,Product D,19.98,12,239.77
2023-02-17,East,Product D,16.9,46,777.3
2024-08-02,North,Product E,44.06,34,1497.89
2023-01-28,North,Product D,16.27,4,65.06
2024-09-15,West,Product D,19.38,24,465.16
2024-10-05,East,Product B,16.67,19,316.66
2024-03-20,West,Product B,16.41,32,525.26
2024-04-06,North,Product B,12.75,35,446.25
2024-10-28,South,Product C,28.35,45,1275.53
2023-10-20,South,Product C,37.36,17,635.14
2023-11-27,North,Product D,22.9,15,343.54
2023-05-13,West,Product A,15.12,11,166.37
2023-04-26,North,Product A,25.73,36,926.33
2023-12-23,East,Product A,27.01,2,54.01
2023-02-01,East,Product C,34.47,40,1378.9
2024-05-18,West,Product E,37.44,26,973.53
2024-08-01,North,Product A,22.34,25,558.4
2023-11-27,North,Product A,24.31,38,923.6
2023-10-10,South,Product D,15.97,22,351.23
2024-09-02,South,Product E,35.85,15,537.79
2023-01-23,West,Product E,41.97,50,2098.58
2023-05-20,South,Product A,22.53,8,180.28
2024-11-17,North,Product E,49.16,41,2015.57
2023-09-18,West,Product C,33.7,40,1348.16
2024-05-15,East,Product E,51.88,9,466.92
2024-05-13,North,Product D,23.33,2,46.66
2024-06-16,East,Product D,7.7,46,353.99
2024-11-13,West,Product C,35.28,39,1376.02
2023-09-21,North,Product A,17.54,6,105.25
2024-08-21,North,Product A,26.8,44,1179.07
2023-09-25,West,Product E,43.28,13,562.6
2024-07-09,North,Product D,18.48,6,110.85
2024-08-10,South,Product C,67.34,18,1212.11
2023-07-01,North,Product C,35.17,36,1266.2
2024-04-07,South,Product C,36.04,8,288.31
2023-12-26,East,Product E,66.94,16,1071.08
2024-01-19,North,Product D,21.45,27,579.02
2023-12-02,West,Product E,47.26,50,2362.91
2023-02-17,East,Product C,35.18,8,281.48
2023-06-22,East,Product D,22.14,29,641.96
2024-05-04,North,Product A,21.34,39,832.15
2024-08-19,East,Product A,32.18,32,1029.77
2023-12-16,East,Product C,47.4,32,1516.93
2024-12-23,East,Product B,20.0,10,200.0
2024-06-07,West,Product B,13.21,16,211.32
2024-11-17,North,Product E,42.69,8,341.56
2023-12-07,East,Product A,35.97,22,791.36
2024-09-10,North,Product E,53.59,32,1715.02
2023-10-29,West,Product D,18.57,18,334.24
2023-05-20,North,Product A,29.04,10,290.39
2023-08-29,West,Product E,50.01,46,2300.68
2023-10-30,East,Product C,34.25,36,1232.98
2024-06-13,North,Product B,15.73,48,754.88
2023-06-26,South,Product E,44.5,47,2091.45
2024-12-31,East,Product A,37.93,29,1099.86
2024-10-15,North,Product C,38.09,42,1599.76
2024-11-07,East,Product C,49.42,26,1284.97
2023-10-19,East,Product E,53.85,26,1400.13
2024-03-08,South,Product E,37.35,20,747.09
2024-05-07,South,Product C,27.09,14,379.29
2023-07-28,South,Product D,20.32,45,914.55
2023-07-08,South,Product E,35.6,29,1032.34
2023-05-31,West,Product C,35.88,49,1758.12
2023-09-18,South,Product B,15.13,41,620.43
2024-09-12,South,Product E,42.36,7,296.5
2024-07-29,East,Product A,27.49,17,467.31
2024-02-12,North,Product D,20.68,47,971.91
2024-12-20,East,Product D,21.55,46,991.49
2023-06-13,North,Product C,33.87,29,982.1
2023-02-18,South,Product C,28.24,38,1073.04
2023-12-11,North,Product C,35.41,9,318.7
2023-07-24,West,Product A,52.25,40,2089.83
2024-10-03,South,Product A,25.35,16,405.57
2023-07-31,South,Product C,28.59,3,85.76
2024-11-29,North,Product B,15.96,46,734.31
2023-02-15,West,Product E,39.39,13,512.13
2023-05-16,South,Product E,38.23,46,1758.48
2023-11-06,West,Product C,44.17,34,1501.8
2024-05-01,West,Product C,28.46,40,1138.48
2023-12-24,South,Product C,40.79,3,122.37
2024-06-25,West,Product E,44.11,10,441.09
2023-06-27,West,Product C,82.62,20,1652.31
2023-07-12,South,Product D,19.0,3,57.01
2023-11-23,East,Product E,59.83,22,1316.18
2023-03-15,West,Product A,23.13,45,1040.96
2023-07-29,South,Product C,31.16,50,1558.0
2023-11-14,North,Product B,20.41,36,734.87
2024-02-20,West,Product A,18.33,1,18.33
2024-03-14,East,Product A,24.66,44,1084.94
2024-07-20,West,Product A,60.7,8,485.61
2024-12-20,South,Product C,32.57,28,911.99
2024-02-12,South,Product C,27.03,29,783.97
2023-06-05,North,Product D,19.88,22,437.44
2024-09-22,North,Product D,17.48,8,139.83
2024-01-10,North,Product E,38.53,23,886.15
2024-09-18,West,Product E,48.08,7,336.55
2024-03-02,East,Product D,23.26,9,209.36
2023-03-26,North,Product A,22.02,33,726.77
2024-08-27,South,Product E,37.37,23,859.45
2024-07-22,East,Product D,43.74,23,1005.94
2024-10-21,North,Product C,41.94,41,1719.63
2023-04-12,East,Product D,20.34,40,813.6
2024-12-22,West,Product C,41.6,30,1247.86
2023-05-27,South,Product B,14.2,6,85.2
2024-07-16,West,Product B,13.43,45,604.55
2024-11-04,South,Product A,32.18,32,1029.68
2024-03-17,South,Product C,28.02,34,952.78
2024-12-25,East,Product B,18.36,30,550.87
2024-06-10,East,Product B,19.21,38,730.03
2024-02-13,West,Product A,74.65,8,597.17
2024-12-10,North,Product B,14.89,20,297.87
2023-03-23,North,Product A,23.51,19,446.69
2023-12-10,West,Product D,25.78,5,128.9
2023-05-16,East,Product B,16.91,23,388.94
2024-11-28,North,Product A,25.15,28,704.1
2023-09-15,South,Product A,27.39,34,931.2
2023-07-02,East,Product D,21.65,9,194.89
2023-06-18,West,Product A,25.73,43,1106.54
2024-07-20,East,Product E,45.67,35,1598.49
